months_as_customer,age,policy_number,policy_deductable,policy_annual_premium,insured_zip,capital-gains,capital-loss,number_of_vehicles_involved,bodily_injuries,witnesses,total_claim_amount,injury_claim,property_claim,vehicle_claim,auto_year,auto_make_Accura,auto_make_Audi,auto_make_BMW,auto_make_Chevrolet,auto_make_Dodge,auto_make_Ford,auto_make_Honda,auto_make_Jeep,auto_make_Mercedes,auto_make_Nissan,auto_make_Saab,auto_make_Suburu,auto_make_Toyota,auto_make_Volkswagen,policy_state_IL,policy_state_IN,policy_state_OH,incident_state_NC,incident_state_NY,incident_state_OH,incident_state_PA,incident_state_SC,incident_state_VA,incident_state_WV,authorities_contacted_Ambulance,authorities_contacted_Fire,authorities_contacted_Other,authorities_contacted_Police,property_damage_NO,property_damage_Undefined,property_damage_YES,police_report_available_NO,police_report_available_Unknown,police_report_available_YES,incident_severity_Major Damage,incident_severity_Minor Damage,incident_severity_Total Loss,incident_severity_Trivial Damage,incident_type_Multi-vehicle Collision,incident_type_Parked Car,incident_type_Single Vehicle Collision,incident_type_Vehicle Theft,policy_csl_100/300,policy_csl_250/500,policy_csl_500/1000,insured_education_level_Associate,insured_education_level_College,insured_education_level_High School,insured_education_level_JD,insured_education_level_MD,insured_education_level_Masters,insured_education_level_PhD,collision_type_Front Collision,collision_type_Rear Collision,collision_type_Side Collision,collision_type_Unknown collision,insured_sex_FEMALE,insured_sex_MALE,policy_bind_year,policy_bind_month,incident_year,incident_month
328,48,521585,1000,1406.91,466132,53300,0,1,1,2,71610,6510,13020,52080,2004,False,False,False,False,False,False,False,False,False,False,True,False,False,False,False,False,True,False,False,False,False,True,False,False,False,False,False,True,False,False,True,False,False,True,True,False,False,False,False,False,True,False,False,True,False,False,False,False,False,True,False,False,False,False,True,False,False,True,2014,10,2015,1
228,42,342868,2000,1197.22,468176,0,0,1,0,0,5070,780,780,3510,2007,False,False,False,False,False,False,False,False,True,False,False,False,False,False,False,True,False,False,False,False,False,False,True,False,False,False,False,True,False,True,False,False,True,False,False,True,False,False,False,False,False,True,False,True,False,False,False,False,False,True,False,False,False,False,False,True,False,True,2006,6,2015,1
134,29,687698,2000,1413.14,430632,35100,0,3,2,3,34650,7700,3850,23100,2007,False,False,False,False,True,False,False,False,False,False,False,False,False,False,False,False,True,False,True,False,False,False,False,False,False,False,False,True,True,False,False,True,False,False,False,True,False,False,True,False,False,False,True,False,False,False,False,False,False,False,False,True,False,True,False,False,True,False,2000,9,2015,2
256,41,227811,2000,1415.74,608117,48900,-62400,1,1,2,63400,6340,6340,50720,2014,False,False,False,True,False,False,False,False,False,False,False,False,False,False,True,False,False,False,False,True,False,False,False,False,False,False,False,True,False,True,False,True,False,False,True,False,False,False,False,False,True,False,False,True,False,False,False,False,False,False,False,True,True,False,False,False,True,False,1990,5,2015,1
228,44,367455,1000,1583.91,610706,66000,-46000,1,0,1,6500,1300,650,4550,2009,True,False,False,False,False,False,False,False,False,False,False,False,False,False,True,False,False,False,True,False,False,False,False,False,False,False,True,False,True,False,False,True,False,False,False,True,False,False,False,False,False,True,False,False,True,True,False,False,False,False,False,False,False,False,False,True,False,True,2014,6,2015,2
256,39,104594,1000,1351.1,478456,0,0,3,0,2,64100,6410,6410,51280,2003,False,False,False,False,False,False,False,False,False,False,True,False,False,False,False,False,True,False,False,False,False,True,False,False,False,True,False,False,True,False,False,True,False,False,True,False,False,False,True,False,False,False,False,True,False,False,False,False,False,False,False,True,False,True,False,False,True,False,2006,10,2015,1
137,34,413978,1000,1333.35,441716,0,-77000,3,0,0,78650,21450,7150,50050,2012,False,False,False,False,False,False,False,False,False,True,False,False,False,False,False,True,False,False,True,False,False,False,False,False,False,False,False,True,False,True,False,False,True,False,False,True,False,False,True,False,False,False,False,True,False,False,False,False,False,False,False,True,True,False,False,False,False,True,2000,6,2015,1
165,37,429027,1000,1137.03,603195,0,0,3,2,2,51590,9380,9380,32830,2015,False,True,False,False,False,False,False,False,False,False,False,False,False,False,True,False,False,False,False,False,False,False,True,False,False,False,False,True,False,True,False,False,False,True,False,False,True,False,True,False,False,False,True,False,False,True,False,False,False,False,False,False,True,False,False,False,False,True,1990,2,2015,2
27,33,485665,500,1442.99,601734,0,0,1,1,1,27700,2770,2770,22160,2012,False,False,False,False,False,False,False,False,False,False,False,False,True,False,True,False,False,False,False,False,False,False,False,True,False,False,False,True,True,False,False,False,False,True,False,False,True,False,False,False,True,False,True,False,False,False,False,False,False,False,False,True,True,False,False,False,True,False,1997,2,2015,1
212,42,636550,500,1315.68,600983,0,-39300,1,2,1,42300,4700,4700,32900,1996,False,False,False,False,False,False,False,False,False,False,True,False,False,False,True,False,False,True,False,False,False,False,False,False,False,False,True,False,True,False,False,False,True,False,False,False,True,False,False,False,True,False,True,False,False,False,False,False,False,False,False,True,False,True,False,False,False,True,2011,7,2015,1
235,42,543610,500,1253.12,462283,38400,0,1,2,2,87010,7910,15820,63280,2002,False,False,False,False,False,True,False,False,False,False,False,False,False,False,False,False,True,False,True,False,False,False,False,False,False,False,False,True,False,False,True,False,True,False,False,False,True,False,False,False,True,False,True,False,False,False,False,False,False,False,True,False,True,False,False,False,True,False,2002,5,2015,1
447,61,214618,2000,1137.16,615561,0,-51000,3,1,2,114920,17680,17680,79560,2006,False,True,False,False,False,False,False,False,False,False,False,False,False,False,False,False,True,False,False,False,False,True,False,False,False,True,False,False,False,False,True,False,False,True,True,False,False,False,True,False,False,False,True,False,False,False,False,True,False,False,False,False,True,False,False,False,True,False,1999,5,2015,2
60,23,842643,500,1215.36,432220,0,0,1,1,0,56520,4710,9420,42390,2000,False,False,False,False,False,False,False,False,False,False,True,False,False,False,False,False,True,False,False,False,False,True,False,False,True,False,False,False,False,False,True,True,False,False,False,False,True,False,False,False,True,False,False,False,True,False,False,False,False,True,False,False,False,True,False,False,False,True,1997,11,2015,1
121,34,626808,1000,936.61,464652,52800,-32800,1,1,1,7280,1120,1120,5040,2010,False,False,False,False,False,False,False,False,False,False,False,False,True,False,False,False,True,False,False,False,False,True,False,False,False,False,True,False,True,False,False,True,False,False,False,True,False,False,False,True,False,False,True,False,False,False,False,False,False,True,False,False,False,False,False,True,True,False,2012,10,2015,1
180,38,644081,2000,1301.13,476685,41300,-55500,1,0,2,46200,4200,8400,33600,2003,False,False,False,False,True,False,False,False,False,False,False,False,False,False,False,False,True,False,False,False,False,True,False,False,False,False,False,True,True,False,False,False,False,True,False,False,True,False,False,False,True,False,False,True,False,False,True,False,False,False,False,False,False,True,False,False,True,False,1998,12,2015,1
473,58,892874,2000,1131.4,458733,55700,0,4,0,0,63120,10520,10520,42080,1999,True,False,False,False,False,False,False,False,False,False,False,False,False,False,False,True,False,False,False,False,False,False,False,True,False,False,True,False,False,False,True,True,False,False,True,False,False,False,True,False,False,False,True,False,False,False,False,False,False,True,False,False,False,False,True,False,True,False,1992,10,2015,1
70,26,558938,1000,1199.44,619884,63600,0,3,1,2,52110,5790,5790,40530,2012,False,False,False,False,False,False,False,False,False,True,False,False,False,False,False,False,True,False,True,False,False,False,False,False,False,False,True,False,False,True,False,False,False,True,True,False,False,False,True,False,False,False,False,False,True,False,True,False,False,False,False,False,False,True,False,False,False,True,2005,6,2015,2
140,31,275265,500,708.64,470610,53500,0,1,0,2,77880,14160,7080,56640,2015,False,False,False,False,False,False,False,False,False,False,False,True,False,False,False,True,False,False,False,False,False,False,False,True,False,False,False,True,True,False,False,False,False,True,False,False,True,False,False,False,True,False,False,False,True,False,False,True,False,False,False,False,False,False,True,False,False,True,2004,11,2015,1
160,37,921202,500,1374.22,472135,45500,-37800,1,1,0,72930,6630,13260,53040,2015,True,False,False,False,False,False,False,False,False,False,False,False,False,False,False,False,True,False,True,False,False,False,False,False,False,False,True,False,False,False,True,True,False,False,False,False,True,False,False,False,True,False,False,False,True,False,False,False,False,True,False,False,False,False,True,False,True,False,2014,12,2015,1
196,39,143972,2000,1475.73,477670,57000,-27300,3,2,0,60400,6040,6040,48320,2014,False,False,False,False,False,False,False,False,False,True,False,False,False,False,False,True,False,False,False,False,False,False,True,False,False,False,False,True,False,True,False,True,False,False,True,False,False,False,True,False,False,False,False,False,True,False,False,True,False,False,False,False,False,False,True,False,True,False,1992,8,2015,2
460,62,183430,1000,1187.96,618845,0,0,3,1,0,47160,0,5240,41920,2011,False,False,False,False,False,False,False,False,False,False,False,True,False,False,False,True,False,False,True,False,False,False,False,False,False,False,False,True,True,False,False,False,True,False,False,True,False,False,True,False,False,False,False,True,False,False,False,False,True,False,False,False,False,True,False,False,False,True,2002,6,2015,1
217,41,431876,2000,875.15,442479,46700,0,3,1,2,37840,0,4730,33110,1996,True,False,False,False,False,False,False,False,False,False,False,False,False,False,True,False,False,False,False,False,False,True,False,False,False,False,False,True,False,True,False,False,True,False,False,False,True,False,True,False,False,False,False,False,True,True,False,False,False,False,False,False,False,False,True,False,True,False,2005,11,2015,2
370,55,285496,2000,972.18,443920,72700,-68200,3,0,0,71520,17880,5960,47680,2000,False,False,False,False,False,False,False,False,False,False,False,True,False,False,True,False,False,False,False,False,False,True,False,False,True,False,False,False,True,False,False,False,False,True,True,False,False,False,True,False,False,False,True,False,False,False,False,True,False,False,False,False,False,True,False,False,False,True,1994,5,2015,1
413,55,115399,2000,1268.79,453148,0,-31000,1,2,2,98160,8180,16360,73620,2011,False,False,False,False,True,False,False,False,False,False,False,False,False,False,False,True,False,False,False,False,False,False,False,True,True,False,False,False,False,True,False,False,True,False,False,False,True,False,False,False,True,False,True,False,False,False,False,False,False,True,False,False,True,False,False,False,False,True,1991,2,2015,1
237,40,736882,1000,883.31,434733,0,-53500,1,1,3,77880,7080,14160,56640,2005,False,False,False,False,False,True,False,False,False,False,False,False,False,False,False,True,False,False,False,False,False,False,True,False,False,False,True,False,True,False,False,True,False,False,False,True,False,False,False,False,True,False,True,False,False,False,True,False,False,False,False,False,False,True,False,False,False,True,1996,2,2015,2
8,35,699044,2000,1266.92,613982,0,0,3,1,3,71500,16500,11000,44000,2006,False,False,False,False,False,True,False,False,False,False,False,False,False,False,False,False,True,False,False,True,False,False,False,False,False,False,True,False,True,False,False,False,False,True,True,False,False,False,True,False,False,False,True,False,False,False,False,False,False,False,True,False,False,True,False,False,False,True,2013,12,2015,1
257,43,863236,2000,1322.1,436984,0,-29200,1,1,3,9020,1640,820,6560,2005,False,False,False,False,False,False,False,False,False,False,False,False,True,False,False,True,False,False,False,False,True,False,False,False,False,False,False,True,False,False,True,False,False,True,False,True,False,False,False,True,False,False,True,False,False,False,False,True,False,False,False,False,False,False,False,True,False,True,1990,9,2015,1
202,34,608513,500,848.07,607730,31000,-30200,1,2,1,5720,1040,520,4160,2003,False,False,False,False,False,False,False,False,False,False,False,True,False,False,False,True,False,False,False,False,False,False,True,False,False,False,True,False,False,False,True,False,True,False,False,True,False,False,False,False,False,True,True,False,False,False,False,False,True,False,False,False,False,False,False,True,False,True,2002,7,2015,1
224,40,914088,2000,1291.7,609837,0,-55600,1,1,0,69840,7760,15520,46560,2009,False,False,False,False,True,False,False,False,False,False,False,False,False,False,False,False,True,False,False,False,False,True,False,False,False,False,True,False,True,False,False,False,False,True,False,True,False,False,False,False,True,False,True,False,False,False,False,False,True,False,False,False,False,False,True,False,True,False,1990,2,2015,1
241,45,596785,2000,1104.5,432211,0,0,1,2,2,91650,14100,14100,63450,2011,True,False,False,False,False,False,False,False,False,False,False,False,False,False,True,False,False,False,False,False,False,True,False,False,False,False,False,True,True,False,False,True,False,False,False,True,False,False,False,False,True,False,False,False,True,False,False,False,False,False,False,True,False,True,False,False,True,False,2014,3,2015,2
64,25,908616,1000,954.16,473328,53200,0,4,0,0,75600,12600,12600,50400,2005,False,False,False,False,False,False,False,False,False,False,False,False,True,False,True,False,False,False,False,False,False,True,False,False,True,False,False,False,True,False,False,False,True,False,True,False,False,False,True,False,False,False,False,True,False,False,False,False,False,False,True,False,False,False,True,False,False,True,2000,2,2015,1
166,37,666333,2000,1337.28,610393,27500,0,3,2,2,67140,7460,7460,52220,2006,False,False,False,False,False,True,False,False,False,False,False,False,False,False,True,False,False,False,False,False,False,False,False,True,False,False,False,True,True,False,False,False,True,False,True,False,False,False,True,False,False,False,True,False,False,False,False,False,True,False,False,False,False,False,True,False,False,True,2008,6,2015,2
155,35,336614,1000,1088.34,614780,81100,0,3,2,3,29790,3310,3310,23170,2008,False,False,True,False,False,False,False,False,False,False,False,False,False,False,True,False,False,False,True,False,False,False,False,False,False,False,False,True,False,False,True,True,False,False,False,False,True,False,True,False,False,False,False,False,True,True,False,False,False,False,False,False,True,False,False,False,True,False,2003,8,2015,2
114,30,584859,1000,1558.29,472248,51400,-64000,3,1,2,77110,14020,14020,49070,2015,False,False,False,False,False,False,False,False,False,False,False,True,False,False,True,False,False,False,True,False,False,False,False,False,True,False,False,False,True,False,False,False,True,False,True,False,False,False,True,False,False,False,True,False,False,False,False,True,False,False,False,False,True,False,False,False,False,True,1992,4,2015,1
149,37,990493,500,1415.68,603381,0,0,1,0,1,64800,10800,5400,48600,1999,False,True,False,False,False,False,False,False,False,False,False,False,False,False,True,False,False,False,False,False,False,False,False,True,False,True,False,False,False,False,True,False,False,True,False,False,True,False,False,False,True,False,False,False,True,False,False,False,False,False,False,True,False,False,True,False,False,True,1991,1,2015,2
147,33,129872,1000,1334.15,479224,53300,-49200,1,2,0,53100,10620,5310,37170,1995,False,False,False,False,False,False,False,False,True,False,False,False,False,False,False,False,True,False,False,False,False,False,False,True,False,False,True,False,False,False,True,False,False,True,True,False,False,False,False,False,True,False,True,False,False,False,False,True,False,False,False,False,True,False,False,False,False,True,2010,8,2015,1
62,28,200152,1000,988.45,430141,0,0,1,1,1,60200,6020,6020,48160,2004,False,False,False,False,False,False,False,False,False,False,False,True,False,False,True,False,False,False,True,False,False,False,False,False,False,False,False,True,False,True,False,False,False,True,False,False,True,False,False,False,True,False,True,False,False,False,False,False,False,False,True,False,False,True,False,False,True,False,2003,3,2015,1
289,49,933293,2000,1222.48,620757,0,0,1,1,1,5330,1230,820,3280,2001,False,False,False,False,False,False,False,False,False,False,False,True,False,False,True,False,False,False,False,False,False,False,False,True,False,False,True,False,True,False,False,False,False,True,False,True,False,False,False,True,False,False,False,False,True,False,False,False,True,False,False,False,False,False,False,True,True,False,1993,2,2015,1
431,54,485664,2000,1155.55,615901,65700,0,3,2,0,62300,12460,6230,43610,2007,False,False,False,False,False,False,False,True,False,False,False,False,False,False,False,True,False,False,True,False,False,False,False,False,False,False,False,True,False,True,False,False,True,False,True,False,False,False,True,False,False,False,False,False,True,False,False,False,False,True,False,False,False,True,False,False,True,False,2002,11,2015,1
199,37,982871,500,1262.08,474615,48500,0,1,0,3,60170,10940,10940,38290,2011,False,False,False,False,False,False,False,False,False,True,False,False,False,False,False,True,False,True,False,False,False,False,False,False,True,False,False,False,False,True,False,True,False,False,True,False,False,False,False,False,True,False,False,True,False,False,False,False,True,False,False,False,True,False,False,False,False,True,1997,7,2015,1
79,26,206213,500,1451.62,456446,0,-55700,1,2,2,40000,8000,4000,28000,2010,False,False,True,False,False,False,False,False,False,False,False,False,False,False,True,False,False,False,False,False,False,False,False,True,True,False,False,False,True,False,False,False,True,False,False,True,False,False,False,False,True,False,True,False,False,True,False,False,False,False,False,False,False,True,False,False,False,True,1995,5,2015,1
116,34,616337,500,1737.66,470577,0,-24100,1,1,1,97080,16180,16180,64720,2001,False,False,True,False,False,False,False,False,False,False,False,False,False,False,False,True,False,False,False,False,False,False,False,True,False,False,False,True,False,True,False,False,True,False,True,False,False,False,False,False,True,False,False,True,False,True,False,False,False,False,False,False,False,False,True,False,False,True,2012,8,2015,1
37,23,448961,500,1475.93,441648,0,-67400,3,1,0,51660,5740,5740,40180,2010,False,False,False,False,True,False,False,False,False,False,False,False,False,False,True,False,False,False,False,False,False,True,False,False,False,False,True,False,False,False,True,True,False,False,False,True,False,False,True,False,False,False,False,False,True,False,True,False,False,False,False,False,False,False,True,False,True,False,2006,4,2015,1
106,30,790442,500,538.17,433782,49700,-60200,1,2,2,51120,5680,5680,39760,2005,False,False,False,False,False,False,False,False,True,False,False,False,False,False,False,False,True,True,False,False,False,False,False,False,False,False,True,False,True,False,False,True,False,False,False,False,True,False,False,False,True,False,False,True,False,False,False,False,False,False,False,True,False,True,False,False,True,False,2003,4,2015,2
269,44,108844,2000,1081.08,468104,36400,-28700,1,0,2,56400,11280,11280,33840,2014,False,False,False,False,False,False,False,False,False,False,False,False,True,False,True,False,False,False,False,False,False,True,False,False,False,False,True,False,False,False,True,False,True,False,False,True,False,False,False,False,True,False,True,False,False,False,False,False,True,False,False,False,True,False,False,False,False,True,2007,12,2015,2
265,40,430029,1000,1454.43,459407,0,0,3,2,3,55120,6890,0,48230,2002,True,False,False,False,False,False,False,False,False,False,False,False,False,False,True,False,False,False,True,False,False,False,False,False,False,False,True,False,True,False,False,False,True,False,False,False,True,False,True,False,False,False,False,True,False,False,False,False,False,True,False,False,False,True,False,False,True,False,2006,8,2015,2
163,33,529112,500,1240.47,472573,35300,0,3,1,1,77110,0,14020,63090,2014,False,False,False,False,False,False,True,False,False,False,False,False,False,False,False,True,False,True,False,False,False,False,False,False,False,True,False,False,False,False,True,False,True,False,False,False,True,False,True,False,False,False,True,False,False,True,False,False,False,False,False,False,False,True,False,False,True,False,1990,1,2015,2
355,47,939631,2000,1273.7,433473,0,0,3,2,1,62800,6280,6280,50240,2003,False,True,False,False,False,False,False,False,False,False,False,False,False,False,False,False,True,False,False,False,False,False,False,True,False,True,False,False,True,False,False,True,False,False,True,False,False,False,True,False,False,False,False,False,True,False,True,False,False,False,False,False,True,False,False,False,False,True,1990,3,2015,1
175,34,866931,1000,1123.87,446326,0,0,1,2,0,7290,810,810,5670,1995,False,False,False,False,False,False,False,False,False,False,False,False,False,True,False,True,False,False,True,False,False,False,False,False,False,False,False,True,False,True,False,False,False,True,False,False,False,True,False,False,False,True,False,False,True,False,False,False,False,False,False,True,False,False,False,True,True,False,2008,1,2015,2
192,35,582011,1000,1245.89,435481,0,-40300,1,0,0,76600,15320,7660,53620,2000,False,False,False,False,False,False,False,False,True,False,False,False,False,False,True,False,False,False,False,False,False,False,False,True,False,False,True,False,True,False,False,False,True,False,False,False,True,False,False,False,True,False,True,False,False,False,False,False,False,False,True,False,False,True,False,False,True,False,1997,3,2015,1
430,59,691189,2000,1326.62,477310,0,0,3,0,3,81800,16360,8180,57260,1998,False,False,False,False,False,False,False,False,False,True,False,False,False,False,False,False,True,False,True,False,False,False,False,False,False,True,False,False,False,True,False,False,False,True,False,True,False,False,True,False,False,False,False,True,False,False,False,False,False,True,False,False,True,False,False,False,False,True,2004,1,2015,1
91,27,537546,2000,1073.83,609930,0,0,1,1,2,7260,1320,660,5280,2008,False,False,True,False,False,False,False,False,False,False,False,False,False,False,True,False,False,False,True,False,False,False,False,False,False,False,True,False,False,True,False,False,True,False,False,False,False,True,False,False,False,True,True,False,False,False,False,False,True,False,False,False,False,False,False,True,True,False,1994,8,2015,1
217,39,394975,1000,1530.52,603993,0,0,1,2,1,4300,430,430,3440,2000,False,False,False,False,False,False,False,False,False,False,False,False,True,False,False,True,False,False,False,False,False,False,False,True,False,False,True,False,False,True,False,False,False,True,False,True,False,False,False,False,False,True,True,False,False,False,True,False,False,False,False,False,False,False,False,True,False,True,2002,6,2015,2
223,40,729634,500,1201.41,437818,88400,-46500,3,1,0,70510,12820,12820,44870,1999,False,False,False,False,False,False,False,False,False,False,False,True,False,False,False,True,False,True,False,False,False,False,False,False,False,False,False,True,False,False,True,False,True,False,True,False,False,False,True,False,False,False,True,False,False,False,False,False,True,False,False,False,False,False,True,False,True,False,1994,4,2015,1
195,39,282195,1000,1393.57,478423,47600,-39600,1,0,1,2640,480,480,1680,2009,False,False,False,False,False,True,False,False,False,False,False,False,False,False,False,False,True,False,False,False,False,False,True,False,False,False,False,True,True,False,False,False,False,True,False,True,False,False,False,True,False,False,False,True,False,False,False,False,False,False,False,True,False,False,False,True,False,True,2014,8,2015,2
22,26,420810,1000,1276.57,467784,71500,0,1,1,2,78900,15780,7890,55230,1995,False,False,False,True,False,False,False,False,False,False,False,False,False,False,False,False,True,False,True,False,False,False,False,False,False,True,False,False,False,False,True,True,False,False,False,True,False,False,False,False,True,False,True,False,False,False,False,False,False,False,False,True,False,True,False,False,False,True,2007,8,2015,1
439,56,524836,500,1082.49,606714,36100,-55000,3,2,3,56430,0,6270,50160,2014,False,False,False,False,False,False,True,False,False,False,False,False,False,False,False,True,False,False,False,False,False,True,False,False,False,True,False,False,False,True,False,False,True,False,True,False,False,False,True,False,False,False,False,True,False,False,False,False,False,False,False,True,True,False,False,False,True,False,2008,11,2015,2
94,32,307195,1000,1414.74,464691,0,0,1,1,3,2400,300,300,1800,2014,False,False,False,True,False,False,False,False,False,False,False,False,False,False,False,True,False,False,False,False,False,False,True,False,False,False,True,False,True,False,False,True,False,False,False,True,False,False,False,True,False,False,False,False,True,False,False,False,False,False,True,False,False,False,False,True,True,False,1995,10,2015,2
11,39,623648,2000,1470.06,431683,56600,-45800,1,0,1,65790,7310,7310,51170,2007,False,False,False,False,False,False,False,False,False,False,True,False,False,False,True,False,False,False,False,False,False,False,False,True,True,False,False,False,False,False,True,True,False,False,False,False,True,False,False,False,True,False,False,True,False,False,False,False,False,False,False,True,True,False,False,False,False,True,1993,5,2015,1
151,36,485372,2000,870.63,431725,94800,-58500,3,1,1,62920,11440,5720,45760,2000,False,False,False,False,False,True,False,False,False,False,False,False,False,False,False,False,True,False,False,False,False,False,True,False,False,False,False,True,True,False,False,True,False,False,False,True,False,False,True,False,False,False,False,True,False,False,False,False,False,True,False,False,False,False,True,False,True,False,2005,2,2015,1
154,34,598554,500,795.23,609216,36900,0,3,2,1,69480,15440,0,54040,2014,False,False,False,False,False,False,False,False,False,True,False,False,False,False,False,True,False,False,True,False,False,False,False,False,False,False,False,True,False,False,True,False,True,False,True,False,False,False,True,False,False,False,True,False,False,False,False,False,False,False,False,True,False,True,False,False,False,True,1990,2,2015,1
245,44,303987,1000,1168.2,452787,69100,0,3,0,3,44280,7380,3690,33210,1997,False,False,False,False,False,False,True,False,False,False,False,False,False,False,True,False,False,False,False,True,False,False,False,False,False,False,True,False,True,False,False,True,False,False,False,False,True,False,True,False,False,False,False,False,True,False,False,False,True,False,False,False,False,False,True,False,False,True,1993,9,2015,2
119,32,343161,1000,993.51,468767,0,-49500,1,0,3,56300,5630,11260,39410,2011,False,False,True,False,False,False,False,False,False,False,False,False,False,False,True,False,False,False,False,False,False,False,False,True,False,False,True,False,True,False,False,False,False,True,False,True,False,False,False,False,True,False,False,False,True,False,False,True,False,False,False,False,False,False,True,False,False,True,2014,6,2015,1
215,42,519312,500,1848.81,435489,0,-49000,3,2,2,68520,11420,5710,51390,2003,False,False,False,False,False,False,False,False,False,False,False,True,False,False,False,False,True,False,False,False,False,False,False,True,False,True,False,False,False,False,True,False,False,True,True,False,False,False,True,False,False,False,False,False,True,False,False,False,True,False,False,False,True,False,False,False,False,True,2008,10,2015,2
295,42,132902,2000,1641.73,450149,62400,0,3,0,0,59130,6570,6570,45990,2006,False,False,False,False,False,True,False,False,False,False,False,False,False,False,False,False,True,False,False,False,False,False,True,False,False,True,False,False,True,False,False,True,False,False,False,False,True,False,True,False,False,False,False,True,False,False,False,False,False,False,False,True,False,True,False,False,False,True,2007,4,2015,1
254,39,332867,500,1362.87,458364,35700,0,3,2,2,82320,13720,6860,61740,1995,False,False,False,False,True,False,False,False,False,False,False,False,False,False,False,True,False,False,True,False,False,False,False,False,True,False,False,False,False,False,True,True,False,False,False,True,False,False,True,False,False,False,True,False,False,False,False,False,False,True,False,False,True,False,False,False,True,False,1993,12,2015,2
107,31,356590,500,1239.22,476458,43400,-91200,1,0,1,89700,13800,13800,62100,2009,False,True,False,False,False,False,False,False,False,False,False,False,False,False,False,True,False,False,False,False,False,True,False,False,False,True,False,False,False,False,True,True,False,False,False,True,False,False,False,False,True,False,False,True,False,False,False,True,False,False,False,False,False,False,True,False,True,False,2011,8,2015,1
478,64,346002,500,835.02,602433,59600,0,3,1,1,33930,0,3770,30160,1998,False,False,True,False,False,False,False,False,False,False,False,False,False,False,False,False,True,False,False,False,False,False,False,True,False,True,False,False,True,False,False,True,False,False,False,True,False,False,True,False,False,False,False,True,False,True,False,False,False,False,False,False,False,False,True,False,True,False,1990,8,2015,2
128,30,500533,1000,1061.33,478575,43300,-66200,1,0,3,68530,12460,6230,49840,1997,False,True,False,False,False,False,False,False,False,False,False,False,False,False,False,False,True,False,False,False,False,False,False,True,True,False,False,False,True,False,False,True,False,False,True,False,False,False,False,False,True,False,True,False,False,False,False,False,False,True,False,False,True,False,False,False,False,True,1994,2,2015,1
338,49,348209,1000,1279.08,449718,0,-51500,1,0,1,4300,860,860,2580,2004,False,False,False,False,False,True,False,False,False,False,False,False,False,False,False,True,False,True,False,False,False,False,False,False,False,False,True,False,True,False,False,False,True,False,False,True,False,False,False,True,False,False,False,False,True,False,False,False,False,True,False,False,False,False,False,True,False,True,1994,2,2015,2
271,42,486676,500,1105.49,463181,56200,-50000,2,2,3,68310,12420,6210,49680,2003,False,True,False,False,False,False,False,False,False,False,False,False,False,False,False,False,True,False,False,False,False,True,False,False,False,False,True,False,False,True,False,False,True,False,True,False,False,False,True,False,False,False,True,False,False,True,False,False,False,False,False,False,False,False,True,False,True,False,2011,8,2015,2
222,41,260845,2000,1055.53,441992,37800,-50300,1,0,2,61290,6810,6810,47670,1995,False,False,False,False,False,False,True,False,False,False,False,False,False,False,False,False,True,False,False,False,False,False,False,True,False,False,True,False,True,False,False,True,False,False,False,False,True,False,False,False,True,False,True,False,False,False,False,False,False,True,False,False,True,False,False,False,True,False,1998,11,2015,2
199,41,657045,1000,895.83,452597,0,0,1,1,2,30100,3010,0,27090,1999,False,False,False,True,False,False,False,False,False,False,False,False,False,False,False,False,True,True,False,False,False,False,False,False,True,False,False,False,True,False,False,True,False,False,False,True,False,False,False,False,True,False,False,True,False,True,False,False,False,False,False,False,False,True,False,False,True,False,1995,12,2015,2
215,37,761189,500,1632.93,614417,0,-42900,3,2,0,57120,9520,4760,42840,2002,False,False,False,False,False,False,False,False,True,False,False,False,False,False,False,True,False,False,False,False,False,True,False,False,False,True,False,False,True,False,False,False,False,True,False,True,False,False,True,False,False,False,True,False,False,False,True,False,False,False,False,False,False,True,False,False,True,False,2002,12,2015,2
192,40,175177,1000,1405.99,472895,0,0,3,1,0,42930,9540,4770,28620,2005,False,False,True,False,False,False,False,False,False,False,False,False,False,False,True,False,False,False,False,False,False,False,True,False,True,False,False,False,False,False,True,False,False,True,False,True,False,False,True,False,False,False,True,False,False,True,False,False,False,False,False,False,False,False,True,False,True,False,2004,4,2015,3
120,35,116700,1000,1425.54,475847,78300,0,3,2,0,51210,11380,5690,34140,2010,False,False,False,False,False,True,False,False,False,False,False,False,False,False,False,False,True,False,False,False,False,True,False,False,True,False,False,False,True,False,False,True,False,False,False,False,True,False,True,False,False,False,True,False,False,False,False,True,False,False,False,False,True,False,False,False,True,False,2001,2,2015,1
270,45,166264,1000,1038.09,476978,0,-19700,3,1,1,89400,14900,7450,67050,1998,False,False,False,False,False,False,False,False,False,False,False,True,False,False,False,False,True,False,True,False,False,False,False,False,False,True,False,False,True,False,False,False,False,True,False,True,False,False,True,False,False,False,False,False,True,False,True,False,False,False,False,False,True,False,False,False,True,False,2010,1,2015,1
319,47,527945,500,1307.11,600648,0,0,3,0,2,59730,10860,10860,38010,2005,False,True,False,False,False,False,False,False,False,False,False,False,False,False,False,True,False,False,False,False,False,False,False,True,False,False,False,True,True,False,False,False,True,False,False,False,True,False,True,False,False,False,False,True,False,False,True,False,False,False,False,False,True,False,False,False,False,True,1992,4,2015,2
194,39,627540,1000,1489.24,608335,0,-45000,1,2,2,8060,1240,1240,5580,2004,False,False,False,False,False,False,False,False,False,False,True,False,False,False,False,False,True,False,False,False,False,True,False,False,False,False,True,False,False,False,True,False,False,True,False,True,False,False,False,False,False,True,False,False,True,False,False,False,True,False,False,False,False,False,False,True,True,False,2010,5,2015,1
227,38,279422,500,976.67,471600,0,0,1,1,2,72200,14440,7220,50540,2013,False,False,True,False,False,False,False,False,False,False,False,False,False,False,False,False,True,False,False,False,False,True,False,False,False,True,False,False,False,True,False,False,True,False,True,False,False,False,False,False,True,False,False,False,True,False,False,False,False,False,False,True,False,True,False,False,True,False,2013,10,2015,1
137,31,484200,2000,1340.43,441175,52700,-40600,3,1,2,50800,10160,10160,30480,2005,True,False,False,False,False,False,False,False,False,False,False,False,False,False,False,False,True,True,False,False,False,False,False,False,True,False,False,False,True,False,False,True,False,False,False,True,False,False,True,False,False,False,False,True,False,False,False,True,False,False,False,False,False,False,True,False,False,True,1994,10,2015,2
244,40,645258,2000,1267.81,603123,0,0,1,2,1,6600,660,1320,4620,2005,True,False,False,False,False,False,False,False,False,False,False,False,False,False,False,False,True,True,False,False,False,False,False,False,False,False,True,False,False,True,False,False,True,False,False,False,False,True,False,False,False,True,False,False,True,False,False,False,False,False,True,False,False,False,False,True,True,False,1997,7,2015,1
78,29,694662,1000,1234.2,457767,0,0,1,2,2,7500,750,1500,5250,2002,False,False,False,False,False,False,False,False,False,True,False,False,False,False,True,False,False,False,True,False,False,False,False,False,False,False,False,True,False,False,True,True,False,False,False,True,False,False,False,False,False,True,False,True,False,False,False,False,False,False,True,False,False,False,False,True,False,True,2011,2,2015,1
200,35,960680,2000,1318.06,618498,57300,-80600,1,0,3,6490,1180,1180,4130,2002,False,False,False,False,False,False,False,False,False,False,False,False,False,True,False,True,False,False,False,False,False,False,True,False,False,False,True,False,True,False,False,False,False,True,False,False,False,True,False,False,False,True,False,True,False,False,False,True,False,False,False,False,False,False,False,True,False,True,1994,8,2015,1
284,48,498140,2000,769.95,605486,0,-44200,2,2,3,60940,5540,11080,44320,2013,False,True,False,False,False,False,False,False,False,False,False,False,False,False,False,True,False,False,True,False,False,False,False,False,True,False,False,False,False,True,False,True,False,False,True,False,False,False,True,False,False,False,False,False,True,False,False,False,False,False,True,False,False,False,True,False,False,True,1997,5,2015,1
275,41,498875,2000,1514.72,617970,35700,0,3,0,1,58300,5830,11660,40810,2007,False,False,False,False,False,False,False,False,False,False,False,True,False,False,False,False,True,False,True,False,False,False,False,False,False,True,False,False,False,False,True,False,True,False,True,False,False,False,True,False,False,False,True,False,False,False,False,True,False,False,False,False,True,False,False,False,False,True,1996,10,2015,2
153,34,798177,1000,873.64,432934,800,0,3,2,1,68400,11400,11400,45600,2007,False,False,False,False,False,True,False,False,False,False,False,False,False,False,True,False,False,False,False,False,False,True,False,False,False,False,True,False,True,False,False,False,True,False,False,True,False,False,True,False,False,False,False,False,True,True,False,False,False,False,False,False,True,False,False,False,True,False,2006,3,2015,1
134,32,614763,500,1612.43,456762,36400,0,1,2,1,64240,11680,11680,40880,2015,False,False,True,False,False,False,False,False,False,False,False,False,False,False,True,False,False,False,False,False,False,False,True,False,False,True,False,False,False,True,False,False,False,True,False,False,True,False,False,False,True,False,False,False,True,False,False,False,False,True,False,False,False,False,True,False,True,False,1991,1,2015,1
31,36,679370,2000,1318.24,601748,0,-78600,1,0,1,4700,940,470,3290,2002,False,False,False,False,True,False,False,False,False,False,False,False,False,False,True,False,False,False,False,False,False,False,False,True,False,False,True,False,True,False,False,False,False,True,False,False,False,True,False,True,False,False,False,False,True,False,True,False,False,False,False,False,False,False,False,True,True,False,1999,8,2015,1
41,25,958857,1000,1226.83,607763,0,-56100,3,2,0,45120,0,5640,39480,2011,True,False,False,False,False,False,False,False,False,False,False,False,False,False,False,True,False,False,False,False,False,True,False,False,False,False,True,False,False,False,True,False,True,False,True,False,False,False,True,False,False,False,True,False,False,False,True,False,False,False,False,False,False,False,True,False,True,False,1992,1,2015,1
127,29,686816,2000,1326.44,436973,0,0,2,1,1,66950,10300,10300,46350,1995,False,False,False,False,False,False,False,False,False,False,True,False,False,False,False,False,True,False,False,False,False,True,False,False,False,True,False,False,False,False,True,False,True,False,False,False,True,False,True,False,False,False,False,True,False,False,False,True,False,False,False,False,True,False,False,False,True,False,1999,12,2015,2
61,23,127754,2000,1136.83,471300,0,-62400,1,0,3,98340,8940,17880,71520,2004,False,False,False,False,False,False,True,False,False,False,False,False,False,False,True,False,False,False,True,False,False,False,False,False,False,False,False,True,True,False,False,False,True,False,True,False,False,False,False,False,True,False,False,True,False,True,False,False,False,False,False,False,False,False,True,False,True,False,1993,6,2015,2
207,42,918629,2000,1322.78,453277,55200,0,1,0,1,5900,590,590,4720,2007,False,False,True,False,False,False,False,False,False,False,False,False,False,False,True,False,False,False,False,False,False,False,False,True,False,False,True,False,True,False,False,True,False,False,False,False,False,True,False,True,False,False,False,True,False,False,False,False,False,False,False,True,False,False,False,True,False,True,2000,10,2015,2
219,43,731450,1000,1483.25,465100,90700,-20800,3,1,1,70680,5890,11780,53010,2009,False,False,False,False,False,True,False,False,False,False,False,False,False,False,False,True,False,True,False,False,False,False,False,False,True,False,False,False,True,False,False,False,True,False,True,False,False,False,True,False,False,False,True,False,False,False,False,False,False,True,False,False,True,False,False,False,True,False,2010,12,2015,2
271,42,307447,500,1515.3,603248,0,0,3,1,0,93720,17040,8520,68160,2005,False,False,False,False,False,False,False,False,True,False,False,False,False,False,True,False,False,False,False,False,False,True,False,False,True,False,False,False,True,False,False,True,False,False,False,False,True,False,True,False,False,False,True,False,False,False,False,True,False,False,False,False,False,True,False,False,True,False,1990,3,2015,1
80,25,992145,2000,1075.18,601112,67700,-58400,1,2,0,6930,1260,630,5040,2001,False,False,False,False,False,False,False,False,False,False,False,False,True,False,True,False,False,False,False,True,False,False,False,False,False,False,True,False,True,False,False,False,False,True,False,True,False,False,False,False,False,True,True,False,False,False,False,False,False,False,False,True,False,False,False,True,True,False,2012,3,2015,2
325,47,900628,1000,1690.27,438830,61500,0,1,0,3,72930,6630,6630,59670,2006,False,False,False,False,True,False,False,False,False,False,False,False,False,False,False,True,False,False,False,False,False,False,True,False,False,True,False,False,False,False,True,True,False,False,True,False,False,False,False,False,True,False,False,False,True,True,False,False,False,False,False,False,False,False,True,False,True,False,2006,2,2015,1
29,25,235220,2000,1352.83,464959,0,-71700,4,1,2,64890,7210,7210,50470,2013,False,False,False,False,False,False,False,False,False,True,False,False,False,False,True,False,False,False,False,False,False,True,False,False,False,False,True,False,False,False,True,False,False,True,False,True,False,False,True,False,False,False,False,True,False,False,False,False,False,False,True,False,False,True,False,False,False,True,2014,11,2015,1
295,48,740019,1000,1148.73,439787,0,0,1,1,2,5400,900,900,3600,1999,False,False,False,False,False,False,False,False,False,False,True,False,False,False,False,False,True,False,False,False,False,False,False,True,False,False,True,False,False,True,False,False,False,True,False,False,False,True,False,True,False,False,False,True,False,False,True,False,False,False,False,False,False,False,False,True,True,False,2009,6,2015,2
239,42,246882,1000,969.5,464839,0,0,1,0,0,5600,700,700,4200,2007,False,True,False,False,False,False,False,False,False,False,False,False,False,False,True,False,False,True,False,False,False,False,False,False,False,False,True,False,True,False,False,False,True,False,False,False,False,True,False,False,False,True,True,False,False,False,True,False,False,False,False,False,False,False,False,True,False,True,1999,9,2015,1
269,41,797613,500,1463.82,448984,0,-72300,1,0,0,79300,15860,15860,47580,2007,False,False,False,False,False,False,False,False,False,False,True,False,False,False,False,True,False,False,False,False,False,True,False,False,False,False,False,True,False,False,True,False,True,False,False,True,False,False,False,False,True,False,True,False,False,False,True,False,False,False,False,False,False,True,False,False,True,False,1990,10,2015,1
80,27,193442,1000,1474.17,440327,0,0,1,1,0,52800,10560,5280,36960,2004,False,False,False,False,False,False,False,False,False,False,True,False,False,False,True,False,False,False,False,False,False,False,False,True,False,False,False,True,False,False,True,False,False,True,True,False,False,False,False,False,True,False,True,False,False,False,True,False,False,False,False,False,False,False,True,False,True,False,1996,8,2015,2
279,41,389238,500,1497.35,460742,37300,-31700,3,2,3,28800,0,3600,25200,2013,False,False,False,False,False,True,False,False,False,False,False,False,False,False,True,False,False,True,False,False,False,False,False,False,False,True,False,False,False,True,False,True,False,False,False,True,False,False,True,False,False,False,False,True,False,False,False,False,True,False,False,False,True,False,False,False,True,False,2001,6,2015,1
165,33,760179,1000,1427.14,446895,35300,-58100,1,1,1,2970,330,330,2310,2008,False,False,False,False,False,False,False,False,False,False,False,False,True,False,False,False,True,False,False,False,False,False,False,True,False,False,False,True,True,False,False,True,False,False,False,True,False,False,False,True,False,False,True,False,False,True,False,False,False,False,False,False,False,False,False,True,True,False,2007,3,2015,2
350,54,939905,500,1495.1,609374,50500,0,3,0,0,93480,15580,7790,70110,2014,False,False,False,True,False,False,False,False,False,False,False,False,False,False,False,False,True,False,False,False,False,True,False,False,False,False,False,True,True,False,False,False,True,False,False,False,True,False,True,False,False,False,False,False,True,False,True,False,False,False,False,False,False,False,True,False,False,True,2013,10,2015,2
295,49,872814,500,1141.62,451672,34300,-24300,1,1,3,4320,480,480,3360,2002,False,False,False,False,False,False,False,False,True,False,False,False,False,False,True,False,False,False,False,False,False,False,False,True,False,False,True,False,False,False,True,False,False,True,False,True,False,False,False,False,False,True,True,False,False,False,True,False,False,False,False,False,False,False,False,True,False,True,1992,6,2015,1
464,61,632627,1000,1125.37,604450,0,-56400,3,0,2,79800,6650,19950,53200,2000,False,False,False,False,False,False,False,False,False,False,True,False,False,False,False,False,True,False,False,False,False,False,True,False,False,False,False,True,False,True,False,False,False,True,True,False,False,False,True,False,False,False,False,False,True,True,False,False,False,False,False,False,False,True,False,False,True,False,1990,10,2015,1
118,28,283414,2000,1207.36,432896,0,-57000,2,1,0,74200,7420,14840,51940,1997,False,False,False,False,False,False,False,False,False,False,False,False,False,True,False,True,False,False,False,False,False,False,False,True,True,False,False,False,True,False,False,False,True,False,True,False,False,False,True,False,False,False,False,False,True,False,False,True,False,False,False,False,True,False,False,False,True,False,1991,12,2015,3
298,47,163161,2000,1338.5,618929,28800,0,1,0,0,70590,10860,10860,48870,2000,False,False,False,False,False,False,False,False,False,False,True,False,False,False,True,False,False,False,True,False,False,False,False,False,False,True,False,False,False,True,False,False,True,False,True,False,False,False,False,False,True,False,False,False,True,False,False,False,False,False,False,True,True,False,False,False,True,False,1998,11,2015,2
87,31,853360,1000,1074.07,451312,0,-47500,3,0,3,60940,5540,11080,44320,2006,False,False,False,False,False,False,False,False,False,True,False,False,False,False,False,True,False,False,True,False,False,False,False,False,False,True,False,False,True,False,False,False,False,True,True,False,False,False,True,False,False,False,False,False,True,False,False,False,False,False,True,False,False,True,False,False,True,False,2009,6,2015,1
261,42,776860,500,1337.56,605141,0,0,1,1,2,74700,7470,14940,52290,2010,False,False,False,False,True,False,False,False,False,False,False,False,False,False,False,False,True,False,False,False,False,True,False,False,False,False,False,True,False,True,False,False,False,True,False,True,False,False,False,False,True,False,False,True,False,False,True,False,False,False,False,False,False,True,False,False,True,False,2009,1,2015,1
453,60,149367,500,1298.91,459504,52600,-38800,1,0,0,70000,14000,7000,49000,2015,False,False,False,False,False,True,False,False,False,False,False,False,False,False,False,True,False,True,False,False,False,False,False,False,False,True,False,False,False,False,True,False,True,False,True,False,False,False,False,False,True,False,True,False,False,False,False,False,False,False,False,True,True,False,False,False,False,True,2003,3,2015,1
210,41,395269,500,1222.75,432781,0,-41000,3,2,0,81070,14740,14740,51590,2001,False,False,True,False,False,False,False,False,False,False,False,False,False,False,True,False,False,False,False,False,False,False,False,True,False,False,True,False,False,True,False,True,False,False,False,False,True,False,True,False,False,False,False,False,True,False,False,True,False,False,False,False,False,True,False,False,False,True,2012,11,2015,1
168,32,981123,1000,1059.52,452748,0,-40600,2,1,1,57720,14430,9620,33670,2007,False,False,False,False,False,False,False,False,False,False,True,False,False,False,False,True,False,False,False,False,False,False,True,False,False,False,True,False,False,True,False,False,True,False,True,False,False,False,True,False,False,False,True,False,False,False,False,False,False,True,False,False,False,False,True,False,False,True,2000,5,2015,3
390,51,143626,2000,1124.38,618316,0,0,1,1,1,7080,1180,1180,4720,2001,False,False,False,False,False,True,False,False,False,False,False,False,False,False,False,False,True,False,False,False,False,False,True,False,False,False,True,False,False,False,True,False,False,True,False,True,False,False,False,False,False,True,False,True,False,True,False,False,False,False,False,False,False,False,False,True,False,True,1999,9,2015,2
258,46,648397,1000,1110.37,455365,34400,-56800,3,0,1,47700,4770,9540,33390,1997,True,False,False,False,False,False,False,False,False,False,False,False,False,False,False,True,False,False,True,False,False,False,False,False,False,False,True,False,True,False,False,False,True,False,False,False,True,False,True,False,False,False,True,False,False,False,False,False,False,True,False,False,False,False,True,False,False,True,1999,3,2015,1
107,31,154982,2000,1374.22,470603,62000,-63100,1,0,3,51260,9320,9320,32620,2002,False,False,False,False,False,False,False,False,False,False,False,True,False,False,True,False,False,False,False,False,False,True,False,False,False,False,False,True,True,False,False,True,False,False,False,True,False,False,False,False,True,False,False,False,True,False,False,False,False,False,False,True,False,True,False,False,True,False,1991,2,2015,2
225,41,330591,2000,1103.58,475292,41200,-36200,3,2,2,70400,6400,12800,51200,2011,False,False,False,False,False,False,False,False,False,False,False,False,True,False,False,False,True,False,True,False,False,False,False,False,False,False,False,True,False,True,False,True,False,False,True,False,False,False,True,False,False,False,False,False,True,False,False,True,False,False,False,False,False,False,True,False,False,True,1993,8,2015,1
164,38,319232,2000,1269.76,467743,44300,0,1,1,3,90000,18000,9000,63000,2015,False,False,False,False,False,True,False,False,False,False,False,False,False,False,True,False,False,False,True,False,False,False,False,False,False,True,False,False,True,False,False,False,False,True,False,True,False,False,False,False,True,False,False,True,False,False,False,False,False,False,False,True,False,True,False,False,True,False,1997,10,2015,1
245,39,531640,500,964.79,460675,58000,0,3,0,1,72820,13240,6620,52960,2010,False,False,True,False,False,False,False,False,False,False,False,False,False,False,False,False,True,False,True,False,False,False,False,False,False,False,False,True,False,True,False,False,True,False,False,True,False,False,True,False,False,False,False,True,False,True,False,False,False,False,False,False,False,True,False,False,True,False,2001,4,2015,2
255,41,368050,2000,1167.3,618123,0,0,1,2,0,69300,13860,13860,41580,2000,False,False,False,False,False,False,False,False,False,False,False,False,False,True,True,False,False,False,False,False,False,True,False,False,False,True,False,False,True,False,False,False,True,False,False,True,False,False,False,False,True,False,False,False,True,False,False,True,False,False,False,False,False,False,True,False,False,True,2013,1,2015,2
206,36,253791,500,1625.45,607452,0,-53700,1,2,1,76560,12760,12760,51040,2008,False,False,False,False,False,True,False,False,False,False,False,False,False,False,True,False,False,False,True,False,False,False,False,False,True,False,False,False,True,False,False,True,False,False,True,False,False,False,False,False,True,False,False,False,True,False,False,False,False,True,False,False,True,False,False,False,True,False,2009,7,2015,1
203,38,155724,500,1394.43,606352,0,0,1,0,1,55440,0,6160,49280,1999,False,False,False,False,False,False,False,False,False,True,False,False,False,False,True,False,False,False,False,False,False,False,True,False,True,False,False,False,False,True,False,False,False,True,True,False,False,False,False,False,True,False,False,True,False,False,False,False,False,False,True,False,True,False,False,False,True,False,1998,2,2015,1
22,25,824540,2000,1053.24,603527,51100,0,4,1,0,77130,8570,17140,51420,1995,True,False,False,False,False,False,False,False,False,False,False,False,False,False,False,False,True,True,False,False,False,False,False,False,False,False,True,False,False,False,True,True,False,False,False,False,True,False,True,False,False,False,False,True,False,False,True,False,False,False,False,False,True,False,False,False,True,False,2008,3,2015,1
211,35,717392,500,1040.75,445601,0,0,1,1,1,42000,7000,7000,28000,2011,False,False,True,False,False,False,False,False,False,False,False,False,False,False,True,False,False,False,False,False,False,False,False,True,True,False,False,False,False,False,True,False,True,False,False,False,True,False,False,False,True,False,True,False,False,False,False,False,True,False,False,False,False,True,False,False,True,False,1996,8,2015,2
206,39,965768,1000,1302.4,603948,47200,-69700,3,2,3,36300,3300,9900,23100,2013,False,False,False,False,False,True,False,False,False,False,False,False,False,False,False,True,False,False,True,False,False,False,False,False,True,False,False,False,True,False,False,False,False,True,False,False,True,False,True,False,False,False,False,True,False,False,False,False,True,False,False,False,False,True,False,False,False,True,2014,7,2015,2
166,38,414779,2000,1588.55,435758,59600,-32100,1,0,0,40320,5760,5760,28800,2001,False,False,False,False,False,False,False,False,False,False,False,True,False,False,True,False,False,False,False,False,False,False,False,True,False,False,True,False,True,False,False,False,True,False,False,False,True,False,False,False,True,False,True,False,False,False,False,False,False,True,False,False,False,False,True,False,False,True,1992,11,2015,1
165,32,428230,500,1399.26,611586,70500,0,1,2,0,3960,330,660,2970,1998,False,False,True,False,False,False,False,False,False,False,False,False,False,False,False,True,False,False,False,False,True,False,False,False,False,False,False,True,False,True,False,False,True,False,False,True,False,False,False,True,False,False,False,False,True,False,False,True,False,False,False,False,False,False,False,True,True,False,2012,6,2015,2
274,43,517240,2000,1352.31,465263,40700,-47300,1,0,3,63840,10640,10640,42560,2006,False,False,True,False,False,False,False,False,False,False,False,False,False,False,False,False,True,False,True,False,False,False,False,False,False,True,False,False,False,False,True,False,False,True,True,False,False,False,False,False,True,False,True,False,False,False,True,False,False,False,False,False,True,False,False,False,False,True,2001,5,2015,2
81,28,469874,1000,1139.0,617858,42400,0,3,1,2,44730,4970,4970,34790,2000,False,False,False,False,False,False,False,False,False,False,True,False,False,False,True,False,False,False,False,False,False,True,False,False,False,True,False,False,False,True,False,False,True,False,True,False,False,False,True,False,False,False,False,True,False,False,False,False,False,False,True,False,True,False,False,False,True,False,2011,9,2015,1
280,45,718428,1000,1397.67,607889,57900,0,3,1,2,84720,14120,14120,56480,1999,False,False,False,False,False,True,False,False,False,False,False,False,False,False,False,True,False,False,True,False,False,False,False,False,False,False,True,False,False,False,True,True,False,False,False,True,False,False,True,False,False,False,False,True,False,False,False,False,True,False,False,False,True,False,False,False,False,True,2011,7,2015,1
194,39,620215,500,823.17,455689,0,0,3,2,2,61500,6150,12300,43050,2012,False,False,False,False,True,False,False,False,False,False,False,False,False,False,False,True,False,False,False,False,False,False,False,True,False,False,True,False,False,True,False,True,False,False,True,False,False,False,True,False,False,False,False,True,False,False,False,False,False,False,True,False,True,False,False,False,False,True,2005,7,2015,2
112,27,618659,500,965.13,450341,60000,-54800,3,0,1,51000,8500,8500,34000,2013,False,False,False,False,False,False,False,False,False,True,False,False,False,False,False,False,True,True,False,False,False,False,False,False,True,False,False,False,False,True,False,False,True,False,True,False,False,False,True,False,False,False,True,False,False,False,False,False,False,False,True,False,True,False,False,False,True,False,2005,10,2015,2
24,33,649082,1000,1922.84,431277,0,-45200,1,2,1,46800,4680,9360,32760,2002,False,False,False,False,False,False,False,True,False,False,False,False,False,False,True,False,False,False,False,False,False,False,False,True,False,False,False,True,False,True,False,True,False,False,False,False,True,False,False,False,True,False,False,False,True,False,False,True,False,False,False,False,False,False,True,False,True,False,1996,1,2015,1
93,32,437573,2000,1624.82,454656,65300,-65600,1,1,1,78120,17360,8680,52080,2006,False,False,True,False,False,False,False,False,False,False,False,False,False,False,False,False,True,False,False,False,False,False,False,True,True,False,False,False,False,True,False,False,True,False,False,True,False,False,False,False,True,False,False,True,False,False,False,False,False,False,False,True,False,False,True,False,False,True,2005,9,2015,2
171,34,964657,2000,1277.25,605169,84900,0,1,1,2,69200,13840,6920,48440,1996,False,False,False,False,False,False,False,False,False,False,False,False,False,True,False,True,False,False,True,False,False,False,False,False,False,False,False,True,True,False,False,False,True,False,True,False,False,False,False,False,True,False,False,True,False,False,True,False,False,False,False,False,False,True,False,False,True,False,1997,2,2015,1
200,40,932502,1000,1439.34,444822,45300,-20400,1,0,0,3690,410,410,2870,2015,False,False,False,False,False,True,False,False,False,False,False,False,False,False,True,False,False,False,False,False,False,False,True,False,False,False,False,True,False,True,False,True,False,False,False,True,False,False,False,False,False,True,True,False,False,False,False,True,False,False,False,False,False,False,False,True,True,False,2010,5,2015,1
120,28,434507,1000,1281.27,447442,68900,0,3,0,3,65500,6550,6550,52400,2010,False,False,True,False,False,False,False,False,False,False,False,False,False,False,True,False,False,False,False,False,False,True,False,False,False,True,False,False,True,False,False,False,True,False,False,True,False,False,True,False,False,False,False,True,False,False,False,False,False,False,False,True,False,True,False,False,True,False,2009,2,2015,1
325,46,935277,500,1348.83,474360,46300,-77500,3,1,2,76120,13840,6920,55360,1999,False,False,False,False,False,False,False,False,False,False,False,False,True,False,True,False,False,True,False,False,False,False,False,False,False,True,False,False,False,True,False,False,False,True,False,True,False,False,True,False,False,False,False,False,True,False,False,True,False,False,False,False,False,True,False,False,True,False,2013,7,2015,2
124,32,756054,1000,1198.15,447925,0,-43200,3,0,2,73560,12260,12260,49040,1995,False,False,True,False,False,False,False,False,False,False,False,False,False,False,True,False,False,False,False,False,False,False,True,False,False,False,True,False,True,False,False,False,False,True,False,False,True,False,True,False,False,False,False,True,False,False,False,False,False,True,False,False,True,False,False,False,True,False,1992,6,2015,2
211,35,682387,2000,1221.22,451586,76000,0,1,0,1,52030,9460,4730,37840,2008,False,False,False,False,False,False,False,False,True,False,False,False,False,False,False,False,True,False,True,False,False,False,False,False,False,False,False,True,False,False,True,False,True,False,False,False,True,False,False,False,True,False,True,False,False,False,False,False,False,False,True,False,False,True,False,False,False,True,1998,3,2015,1
287,41,456604,2000,968.74,477519,0,-49000,1,2,3,5170,470,940,3760,2001,False,False,False,False,False,False,False,False,False,False,False,True,False,False,True,False,False,False,False,False,False,True,False,False,False,False,True,False,False,True,False,False,True,False,False,False,False,True,False,False,False,True,False,False,True,False,False,False,False,False,True,False,False,False,False,True,False,True,2004,3,2015,1
122,34,139872,1000,1220.71,603639,58600,-28700,1,2,1,8190,1890,1260,5040,2013,False,False,False,True,False,False,False,False,False,False,False,False,False,False,False,True,False,False,False,False,False,True,False,False,False,False,True,False,False,True,False,False,False,True,False,True,False,False,False,True,False,False,False,True,False,False,False,False,False,False,False,True,False,False,False,True,False,True,2006,6,2015,2
22,29,354105,2000,1238.62,463993,0,-56200,1,2,3,70800,7080,14160,49560,2012,True,False,False,False,False,False,False,False,False,False,False,False,False,False,False,True,False,False,False,False,False,True,False,False,True,False,False,False,False,True,False,False,True,False,True,False,False,False,False,False,True,False,False,True,False,False,False,False,False,True,False,False,False,True,False,False,False,True,1994,6,2015,2
106,31,165485,2000,1320.75,441491,54100,0,3,0,3,45630,5070,5070,35490,2011,True,False,False,False,False,False,False,False,False,False,False,False,False,False,True,False,False,False,False,False,False,False,False,True,False,False,False,True,False,True,False,False,False,True,False,False,True,False,True,False,False,False,False,False,True,False,False,False,True,False,False,False,False,True,False,False,True,False,1998,2,2015,2
398,58,515050,500,990.98,469429,0,-57900,1,2,1,99320,7640,15280,76400,2002,True,False,False,False,False,False,False,False,False,False,False,False,False,False,False,False,True,True,False,False,False,False,False,False,False,False,False,True,False,False,True,False,True,False,True,False,False,False,False,False,True,False,True,False,False,True,False,False,False,False,False,False,True,False,False,False,True,False,2000,11,2015,2
214,41,795686,500,1398.51,472214,0,-57100,3,2,0,64000,12800,6400,44800,1996,False,False,True,False,False,False,False,False,False,False,False,False,False,False,True,False,False,True,False,False,False,False,False,False,False,True,False,False,False,True,False,True,False,False,True,False,False,False,True,False,False,False,False,False,True,False,False,False,False,False,True,False,False,False,True,False,False,True,2004,10,2015,2
209,38,395983,500,1355.08,614945,58100,0,1,1,1,47300,4730,4730,37840,2014,False,False,False,False,False,False,False,False,False,True,False,False,False,False,False,False,True,False,False,False,False,False,False,True,False,True,False,False,False,True,False,False,True,False,False,True,False,False,False,False,True,False,True,False,False,False,False,False,False,True,False,False,True,False,False,False,True,False,2009,11,2015,1
82,27,119513,1000,1384.51,476727,13100,-38200,1,2,3,71680,8960,8960,53760,2007,False,False,False,False,False,False,False,False,False,False,False,False,False,True,True,False,False,False,False,False,False,True,False,False,False,False,True,False,True,False,False,False,True,False,True,False,False,False,False,False,True,False,True,False,False,False,False,False,False,False,False,True,False,True,False,False,False,True,1996,9,2015,2
193,41,217938,500,847.03,438555,0,0,1,1,0,112320,17280,17280,77760,2011,False,False,False,False,False,False,False,False,False,False,False,True,False,False,False,False,True,False,False,False,False,True,False,False,False,False,True,False,False,True,False,False,False,True,True,False,False,False,False,False,True,False,False,True,False,False,False,False,True,False,False,False,False,False,True,False,True,False,1995,7,2015,2
134,32,203914,1000,1000.06,440961,0,0,1,1,0,82720,7520,15040,60160,2014,False,True,False,False,False,False,False,False,False,False,False,False,False,False,False,False,True,False,True,False,False,False,False,False,False,False,True,False,False,True,False,False,True,False,False,False,True,False,False,False,True,False,True,False,False,False,False,False,False,False,False,True,False,False,True,False,True,False,2001,6,2015,1
288,45,565157,1000,1046.71,616714,0,0,3,2,1,48060,10680,5340,32040,2009,False,False,False,False,False,False,False,False,True,False,False,False,False,False,True,False,False,True,False,False,False,False,False,False,False,True,False,False,False,True,False,False,True,False,True,False,False,False,True,False,False,False,True,False,False,False,False,False,False,False,True,False,False,True,False,False,False,True,2002,10,2015,2
104,32,904191,500,1158.03,434247,31900,-44600,3,1,3,63570,9780,9780,44010,2006,False,False,False,False,False,False,False,False,False,False,False,False,False,True,False,True,False,False,True,False,False,False,False,False,False,False,False,True,False,False,True,False,False,True,False,False,True,False,True,False,False,False,False,True,False,False,False,True,False,False,False,False,False,True,False,False,False,True,1997,7,2015,1
431,54,419510,1000,1372.27,436547,17600,0,3,2,3,63240,10540,10540,42160,1997,False,False,False,False,False,False,False,False,False,False,False,True,False,False,False,False,True,False,False,False,False,False,False,True,False,True,False,False,True,False,False,False,True,False,False,False,True,False,True,False,False,False,True,False,False,False,False,False,False,False,True,False,False,True,False,False,True,False,1994,11,2015,1
101,33,575000,1000,1053.04,619540,52000,-44500,3,1,3,54240,9040,9040,36160,2013,False,False,False,False,False,False,False,False,False,False,True,False,False,False,False,False,True,True,False,False,False,False,False,False,True,False,False,False,True,False,False,False,True,False,False,True,False,False,True,False,False,False,True,False,False,False,False,False,False,False,True,False,False,True,False,False,True,False,2012,6,2015,2
375,50,120485,1000,1275.39,466283,0,0,1,2,3,37280,0,0,37280,1996,False,True,False,False,False,False,False,False,False,False,False,False,False,False,False,False,True,False,True,False,False,False,False,False,False,False,False,True,False,False,True,True,False,False,True,False,False,False,False,False,True,False,True,False,False,True,False,False,False,False,False,False,True,False,False,False,False,True,2007,2,2015,2
461,61,781181,2000,1402.75,449557,0,0,3,2,1,72100,7210,14420,50470,2006,False,False,False,False,False,False,False,True,False,False,False,False,False,False,False,False,True,False,True,False,False,False,False,False,False,False,False,True,False,True,False,False,False,True,False,True,False,False,True,False,False,False,True,False,False,False,False,False,True,False,False,False,False,True,False,False,False,True,2005,6,2015,2
428,59,299796,500,1344.36,473329,0,0,1,2,3,6500,1300,650,4550,2013,False,False,False,False,False,False,False,False,False,False,True,False,False,False,False,True,False,False,False,False,False,False,False,True,False,False,True,False,False,True,False,True,False,False,False,True,False,False,False,True,False,False,False,True,False,False,False,False,True,False,False,False,False,False,False,True,True,False,1999,9,2015,2
45,38,589749,1000,1197.71,470117,29000,0,3,2,0,78240,13040,13040,52160,2013,False,False,False,False,False,False,False,False,False,False,False,True,False,False,False,True,False,False,False,False,False,False,False,True,True,False,False,False,False,True,False,False,True,False,False,False,True,False,True,False,False,False,True,False,False,False,False,False,False,False,True,False,True,False,False,False,False,True,2006,5,2015,2
136,29,854021,500,1203.24,600702,62500,-66900,1,2,0,6200,1240,620,4340,1999,False,False,False,False,False,False,True,False,False,False,False,False,False,False,False,False,True,False,True,False,False,False,False,False,False,False,False,True,False,True,False,False,True,False,False,True,False,False,False,False,False,True,True,False,False,False,False,False,True,False,False,False,False,False,False,True,True,False,2010,4,2015,2
216,36,454086,1000,1152.4,615921,39600,-82400,1,2,3,6160,560,1680,3920,2014,False,False,False,False,False,False,False,False,True,False,False,False,False,False,False,True,False,False,False,False,False,False,True,False,False,False,False,True,False,False,True,False,True,False,False,True,False,False,False,True,False,False,False,False,True,True,False,False,False,False,False,False,False,False,False,True,True,False,1992,11,2015,1
278,48,139484,2000,1142.62,475588,0,-54000,1,2,0,76050,11700,11700,52650,1997,False,False,False,True,False,False,False,False,False,False,False,False,False,False,False,True,False,False,False,False,False,True,False,False,True,False,False,False,False,True,False,False,True,False,False,False,True,False,False,False,True,False,False,False,True,False,False,False,False,True,False,False,True,False,False,False,True,False,1999,7,2015,1
295,48,678849,1000,1332.07,609409,49700,-59100,2,2,1,86060,13240,13240,59580,2002,False,False,False,False,False,False,False,False,False,False,False,False,False,True,False,False,True,False,True,False,False,False,False,False,True,False,False,False,True,False,False,False,False,True,False,False,True,False,True,False,False,False,False,False,True,False,False,False,False,True,False,False,False,False,True,False,True,False,1992,2,2015,1
112,30,346940,1000,1166.54,479852,47700,-59300,1,2,0,107900,10790,21580,75530,1997,False,False,False,False,True,False,False,False,False,False,False,False,False,False,False,False,True,False,False,False,False,True,False,False,False,True,False,False,False,False,True,True,False,False,True,False,False,False,False,False,True,False,False,False,True,False,False,False,False,False,True,False,True,False,False,False,True,False,2002,9,2015,1
122,34,985436,500,1495.06,452249,38100,-31400,3,2,0,99990,18180,18180,63630,2011,False,False,False,False,False,False,False,False,True,False,False,False,False,False,True,False,False,False,False,False,True,False,False,False,False,True,False,False,True,False,False,False,False,True,False,False,True,False,True,False,False,False,False,True,False,False,False,False,False,False,True,False,False,True,False,False,True,False,2003,8,2015,1
108,29,237418,1000,1337.92,441536,71400,0,3,2,2,61380,11160,5580,44640,2012,False,False,False,False,False,False,False,False,False,False,False,True,False,False,False,True,False,False,False,False,False,False,False,True,True,False,False,False,True,False,False,False,False,True,False,True,False,False,True,False,False,False,False,False,True,False,False,False,False,False,False,True,False,False,True,False,True,False,2007,12,2015,2
14,28,335780,2000,1587.96,601617,0,-26900,1,2,1,71280,12960,12960,45360,2012,False,True,False,False,False,False,False,False,False,False,False,False,False,False,False,False,True,False,False,False,False,False,False,True,False,True,False,False,False,True,False,False,False,True,True,False,False,False,False,False,True,False,False,True,False,True,False,False,False,False,False,False,False,True,False,False,True,False,2002,7,2015,2
298,45,491392,1000,1362.29,442598,0,-51100,3,0,0,64000,12800,6400,44800,1999,False,False,False,False,False,False,False,False,False,False,True,False,False,False,True,False,False,False,True,False,False,False,False,False,True,False,False,False,True,False,False,True,False,False,False,True,False,False,True,False,False,False,False,False,True,False,False,True,False,False,False,False,True,False,False,False,False,True,1992,7,2015,2
276,46,140880,500,1448.84,430987,0,-50000,1,0,1,5940,660,660,4620,2015,False,False,False,False,False,False,False,False,False,False,False,False,True,False,True,False,False,False,False,False,False,True,False,False,False,False,False,True,False,True,False,True,False,False,False,False,False,True,False,True,False,False,False,True,False,False,False,False,False,False,True,False,False,False,False,True,True,False,2005,3,2015,2
47,37,962591,2000,1241.97,430104,75400,0,1,1,0,6700,670,670,5360,2011,False,False,False,False,False,False,False,True,False,False,False,False,False,False,False,True,False,False,True,False,False,False,False,False,False,False,True,False,True,False,False,True,False,False,False,True,False,False,False,True,False,False,False,True,False,False,False,True,False,False,False,False,False,False,False,True,False,True,2008,3,2015,1
222,42,922565,500,1124.6,612904,0,0,3,0,0,51740,11940,7960,31840,2006,False,False,False,False,False,False,False,True,False,False,False,False,False,False,True,False,False,False,True,False,False,False,False,False,False,False,False,True,False,False,True,False,True,False,False,True,False,False,True,False,False,False,False,True,False,True,False,False,False,False,False,False,False,True,False,False,False,True,1999,5,2015,1
119,28,288580,2000,1079.92,430886,88800,0,1,0,1,53600,6700,6700,40200,2007,False,False,False,False,False,False,False,False,False,False,False,False,False,True,False,False,True,False,False,False,True,False,False,False,True,False,False,False,False,True,False,False,False,True,False,False,True,False,False,False,True,False,False,True,False,False,False,True,False,False,False,False,False,True,False,False,False,True,2012,11,2015,2
73,29,154280,1000,1447.78,467947,35100,-59900,3,1,0,44910,4990,4990,34930,2001,False,False,False,False,True,False,False,False,False,False,False,False,False,False,True,False,False,False,False,False,False,True,False,False,False,False,True,False,False,False,True,False,True,False,False,False,True,False,True,False,False,False,False,True,False,False,True,False,False,False,False,False,False,True,False,False,False,True,1993,1,2015,1
8,31,425973,500,1229.16,604804,0,-88300,3,0,2,48100,11100,7400,29600,2014,False,False,False,False,False,False,False,False,False,False,False,False,False,True,False,True,False,False,False,False,True,False,False,False,False,True,False,False,False,True,False,False,False,True,True,False,False,False,True,False,False,False,False,True,False,False,False,False,False,True,False,False,True,False,False,False,True,False,2003,2,2015,2
294,44,477177,1000,1226.49,460308,53900,0,1,0,1,6100,610,1220,4270,2002,False,False,False,False,False,True,False,False,False,False,False,False,False,False,True,False,False,False,False,False,False,False,False,True,False,False,True,False,True,False,False,True,False,False,False,False,False,True,False,False,False,True,True,False,False,False,False,False,False,False,False,True,False,False,False,True,True,False,1990,8,2015,2
324,46,648509,2000,897.89,618862,0,-41300,1,1,0,79600,15920,15920,47760,2011,False,False,False,False,False,False,False,True,False,False,False,False,False,False,False,True,False,False,False,False,True,False,False,False,False,False,True,False,False,True,False,False,False,True,False,True,False,False,False,False,True,False,True,False,False,False,False,False,False,True,False,False,False,True,False,False,False,True,2010,3,2015,1
155,34,914815,500,1706.79,462479,0,0,1,1,1,77040,8560,8560,59920,1998,False,False,False,False,False,False,True,False,False,False,False,False,False,False,False,True,False,False,False,True,False,False,False,False,True,False,False,False,True,False,False,False,False,True,False,True,False,False,False,False,True,False,True,False,False,False,False,False,False,False,True,False,True,False,False,False,False,True,1990,9,2015,1
261,45,249048,1000,1254.18,457555,0,-45100,1,0,1,62590,11380,11380,39830,2003,False,False,False,False,False,False,False,False,False,False,False,False,False,True,True,False,False,False,False,False,False,True,False,False,False,True,False,False,False,False,True,False,True,False,False,True,False,False,False,False,True,False,False,True,False,False,False,False,False,False,False,True,False,True,False,False,True,False,2005,6,2015,1
245,40,144323,500,885.08,459984,27000,-58900,1,0,1,85150,13100,13100,58950,1998,False,False,False,True,False,False,False,False,False,False,False,False,False,False,False,True,False,False,False,False,False,False,False,True,False,False,True,False,False,False,True,True,False,False,False,False,True,False,False,False,True,False,False,False,True,False,False,False,False,False,True,False,True,False,False,False,True,False,2001,9,2015,2
235,39,651861,500,1046.58,434982,0,-31700,1,2,1,4950,450,900,3600,2010,False,False,False,True,False,False,False,False,False,False,False,False,False,False,True,False,False,False,True,False,False,False,False,False,False,False,True,False,False,True,False,True,False,False,False,False,False,True,False,False,False,True,True,False,False,False,False,False,False,True,False,False,False,False,False,True,False,True,2011,1,2015,1
53,36,125324,2000,1712.68,614233,72200,0,3,2,0,51100,10220,5110,35770,2006,False,True,False,False,False,False,False,False,False,False,False,False,False,False,False,False,True,False,False,False,False,False,True,False,False,True,False,False,False,True,False,False,False,True,True,False,False,False,True,False,False,False,False,False,True,True,False,False,False,False,False,False,False,False,True,False,False,True,2003,9,2015,2
426,54,398102,2000,1097.71,605258,29600,-22300,1,2,3,100800,16800,16800,67200,1997,False,False,False,False,True,False,False,False,False,False,False,False,False,False,True,False,False,False,False,False,False,True,False,False,False,False,False,True,False,False,True,False,True,False,False,True,False,False,False,False,True,False,False,False,True,False,False,False,False,False,True,False,False,False,True,False,True,False,1997,10,2015,1
111,27,514065,500,1363.77,604377,51100,0,1,2,3,90970,16540,16540,57890,2009,True,False,False,False,False,False,False,False,False,False,False,False,False,False,False,True,False,False,False,False,False,False,True,False,False,False,False,True,False,False,True,True,False,False,False,False,True,False,False,False,True,False,False,True,False,False,False,False,False,False,True,False,False,False,True,False,True,False,2009,1,2015,1
86,26,391652,500,1382.88,434923,0,-30300,1,1,1,81840,14880,7440,59520,2011,False,False,False,True,False,False,False,False,False,False,False,False,False,False,False,False,True,False,False,False,False,True,False,False,False,False,False,True,False,True,False,False,False,True,False,True,False,False,False,False,True,False,True,False,False,False,False,False,True,False,False,False,False,True,False,False,False,True,1998,10,2015,1
296,46,922167,1000,1141.35,476456,0,0,1,0,2,54900,5490,5490,43920,2013,False,False,False,False,False,False,False,False,True,False,False,False,False,False,False,False,True,False,True,False,False,False,False,False,True,False,False,False,False,True,False,True,False,False,True,False,False,False,False,False,True,False,True,False,False,False,False,False,False,False,True,False,True,False,False,False,False,True,1993,2,2015,1
125,35,442795,500,1054.83,446788,0,-51300,1,2,3,88660,8060,16120,64480,2007,False,False,False,False,False,False,False,False,True,False,False,False,False,False,False,False,True,False,True,False,False,False,False,False,False,True,False,False,False,False,True,True,False,False,False,False,True,False,False,False,True,False,False,False,True,False,False,False,True,False,False,False,True,False,False,False,False,True,1996,7,2015,2
177,34,226330,2000,1057.77,477382,0,-57700,3,1,1,18000,2250,2250,13500,2009,False,True,False,False,False,False,False,False,False,False,False,False,False,False,True,False,False,True,False,False,False,False,False,False,True,False,False,False,False,True,False,True,False,False,False,False,True,False,True,False,False,False,True,False,False,False,False,False,True,False,False,False,True,False,False,False,True,False,2013,1,2015,2
238,39,134430,2000,1488.02,600275,0,-39200,1,1,3,5500,1100,550,3850,2010,False,False,False,True,False,False,False,False,False,False,False,False,False,False,False,True,False,False,True,False,False,False,False,False,False,False,False,True,False,False,True,False,False,True,False,True,False,False,False,False,False,True,False,True,False,False,False,False,True,False,False,False,False,False,False,True,True,False,2006,12,2015,2
81,25,524230,500,920.3,461958,51000,-67900,3,1,0,73920,13440,6720,53760,2003,False,False,False,False,False,False,True,False,False,False,False,False,False,False,False,True,False,False,False,False,False,False,False,True,False,False,True,False,False,True,False,False,True,False,True,False,False,False,True,False,False,False,True,False,False,False,False,True,False,False,False,False,False,True,False,False,True,False,2014,2,2015,2
128,28,438817,1000,986.53,472720,62700,0,1,0,2,101860,18520,18520,64820,2007,False,False,False,False,False,False,True,False,False,False,False,False,False,False,False,False,True,False,False,False,False,False,True,False,True,False,False,False,True,False,False,False,False,True,False,False,True,False,False,False,True,False,False,False,True,False,False,True,False,False,False,False,False,True,False,False,True,False,2007,11,2015,2
449,57,293794,2000,1440.68,442395,25000,0,1,0,1,5390,980,980,3430,2008,False,False,False,False,False,False,False,False,False,False,False,False,False,True,False,False,True,False,False,False,False,True,False,False,False,False,True,False,False,False,True,False,False,True,False,True,False,False,False,True,False,False,False,True,False,True,False,False,False,False,False,False,False,False,False,True,False,True,1999,4,2015,2
252,39,868283,1000,1086.21,455340,68500,-57500,1,1,2,50490,5610,5610,39270,2001,False,False,False,False,False,False,False,False,False,True,False,False,False,False,False,True,False,False,False,False,False,True,False,False,False,False,False,True,False,True,False,False,True,False,False,True,False,False,False,False,True,False,False,True,False,False,False,False,True,False,False,False,False,False,True,False,False,True,2006,2,2015,2
359,47,828890,2000,1367.68,613247,0,0,1,0,3,55500,5550,11100,38850,2012,False,False,False,False,False,False,False,False,True,False,False,False,False,False,False,False,True,False,False,False,False,True,False,False,False,False,False,True,True,False,False,True,False,False,False,False,True,False,False,False,True,False,True,False,False,False,False,False,False,True,False,False,True,False,False,False,True,False,1993,10,2015,1
19,32,882920,1000,1215.85,454985,42900,-90200,1,1,1,7040,1280,640,5120,2015,False,False,False,False,False,False,False,False,False,True,False,False,False,False,False,False,True,False,False,False,False,False,True,False,False,False,False,True,False,False,True,False,False,True,False,True,False,False,False,False,False,True,False,False,True,False,False,True,False,False,False,False,False,False,False,True,False,True,2006,1,2015,1
73,26,918777,2000,1191.19,468813,29300,0,3,0,1,40160,5020,0,35140,2003,False,False,False,True,False,False,False,False,False,False,False,False,False,False,True,False,False,False,False,False,False,False,True,False,False,False,True,False,False,True,False,False,False,True,False,False,True,False,True,False,False,False,False,True,False,False,False,False,False,True,False,False,False,True,False,False,False,True,2003,4,2015,2
285,44,212580,1000,1594.45,452747,0,0,2,2,3,55680,6960,6960,41760,2006,False,False,False,False,False,False,False,False,False,False,True,False,False,False,True,False,False,True,False,False,False,False,False,False,False,True,False,False,False,False,True,True,False,False,False,False,True,False,True,False,False,False,False,False,True,False,False,True,False,False,False,False,False,False,True,False,False,True,2014,7,2015,2
196,36,602410,2000,1463.07,615611,0,0,1,1,1,5300,530,530,4240,2001,False,False,False,False,False,False,False,True,False,False,False,False,False,False,False,True,False,False,False,False,False,False,False,True,False,False,False,True,False,True,False,True,False,False,False,False,False,True,False,False,False,True,False,True,False,False,False,False,False,True,False,False,False,False,False,True,False,True,1996,1,2015,1
223,43,976971,500,1734.09,451400,0,0,1,0,3,5200,650,650,3900,2006,True,False,False,False,False,False,False,False,False,False,False,False,False,False,False,False,True,False,False,False,False,False,False,True,False,False,True,False,False,False,True,False,True,False,False,False,False,True,False,True,False,False,False,True,False,False,False,False,False,True,False,False,False,False,False,True,True,False,2002,4,2015,1
328,48,630226,500,1411.43,464874,45100,-32800,1,2,1,59400,5940,11880,41580,2014,False,False,False,False,False,False,True,False,False,False,False,False,False,False,True,False,False,False,True,False,False,False,False,False,True,False,False,False,False,False,True,True,False,False,True,False,False,False,False,False,True,False,False,True,False,False,False,False,False,False,True,False,True,False,False,False,False,True,2005,12,2015,1
285,43,171254,2000,1512.58,452496,47600,0,1,1,1,2520,280,280,1960,1997,False,False,True,False,False,False,False,False,False,False,False,False,False,False,False,False,True,False,False,False,False,True,False,False,False,False,False,True,False,True,False,False,True,False,False,True,False,False,False,False,False,True,True,False,False,False,True,False,False,False,False,False,False,False,False,True,True,False,1994,11,2015,1
30,31,247116,2000,1153.35,430714,0,0,1,2,1,5760,960,960,3840,2011,False,False,False,False,False,False,False,False,False,False,False,True,False,False,True,False,False,False,True,False,False,False,False,False,False,False,False,True,True,False,False,False,False,True,False,False,False,True,False,False,False,True,False,True,False,False,False,False,False,False,False,True,False,False,False,True,False,True,2012,6,2015,2
342,49,505969,500,1722.95,472634,63100,-13800,1,2,0,76700,7670,7670,61360,2006,False,False,False,False,False,False,False,False,False,False,False,True,False,False,False,False,True,False,False,False,False,False,False,True,False,True,False,False,False,True,False,False,False,True,False,True,False,False,False,False,True,False,False,True,False,False,False,False,False,False,False,True,False,True,False,False,False,True,1998,4,2015,2
219,39,653864,2000,1281.07,608371,0,0,1,0,2,5920,740,740,4440,2015,False,False,False,True,False,False,False,False,False,False,False,False,False,False,False,True,False,False,True,False,False,False,False,False,False,False,False,True,True,False,False,True,False,False,False,False,False,True,False,True,False,False,False,True,False,False,False,True,False,False,False,False,False,False,False,True,True,False,2007,4,2015,1
468,62,586367,500,1011.92,468168,0,0,3,0,3,64350,7150,7150,50050,2009,False,False,False,True,False,False,False,False,False,False,False,False,False,False,True,False,False,False,False,False,False,True,False,False,False,True,False,False,False,False,True,False,True,False,True,False,False,False,True,False,False,False,True,False,False,False,False,False,False,False,False,True,False,True,False,False,False,True,2000,6,2015,2
241,39,896890,2000,1042.26,464107,0,0,3,1,2,19080,4240,2120,12720,1995,False,False,False,False,False,False,False,False,False,False,True,False,False,False,True,False,False,False,False,False,False,False,False,True,True,False,False,False,True,False,False,False,True,False,False,False,True,False,True,False,False,False,False,True,False,False,False,False,True,False,False,False,False,True,False,False,False,True,1996,6,2015,1
223,43,650026,500,1235.1,466959,66400,-34400,1,2,1,54400,5440,5440,43520,2011,False,False,True,False,False,False,False,False,False,False,False,False,False,False,False,False,True,False,False,False,False,True,False,False,False,False,False,True,True,False,False,True,False,False,False,True,False,False,False,False,True,False,False,False,True,False,False,False,False,False,True,False,False,True,False,False,True,False,2009,5,2015,2
128,32,547744,2000,768.91,443522,0,-39300,1,1,0,59800,5980,5980,47840,1999,False,False,False,False,False,True,False,False,False,False,False,False,False,False,False,False,True,False,False,False,False,True,False,False,False,True,False,False,False,True,False,True,False,False,False,False,True,False,False,False,True,False,True,False,False,False,True,False,False,False,False,False,False,True,False,False,True,False,2001,7,2015,2
124,29,598124,500,1301.72,441726,0,0,3,0,3,72000,7200,7200,57600,2005,False,True,False,False,False,False,False,False,False,False,False,False,False,False,False,False,True,False,False,False,False,False,True,False,False,False,False,True,False,True,False,False,False,True,True,False,False,False,True,False,False,False,False,False,True,False,False,False,False,False,True,False,False,False,True,False,False,True,1993,9,2015,2
343,48,436126,500,1451.54,473412,0,0,4,2,3,65070,7230,14460,43380,2003,False,False,False,False,False,False,False,False,True,False,False,False,False,False,False,True,False,False,False,False,False,True,False,False,False,False,False,True,True,False,False,True,False,False,False,False,True,False,True,False,False,False,False,True,False,False,False,False,True,False,False,False,False,False,True,False,False,True,2009,11,2015,1
404,53,739447,500,767.14,466201,25500,-36700,1,0,1,8800,1760,880,6160,2002,False,False,False,False,False,False,False,False,False,False,False,True,False,False,False,True,False,False,False,False,False,False,False,True,False,False,False,True,True,False,False,True,False,False,False,False,False,True,False,True,False,False,False,True,False,True,False,False,False,False,False,False,False,False,False,True,False,True,2014,12,2015,1
63,24,427484,2000,1620.89,469621,0,0,1,2,0,6120,1020,1020,4080,2015,False,False,False,False,False,False,False,False,False,False,False,False,True,False,False,False,True,True,False,False,False,False,False,False,False,False,False,True,True,False,False,True,False,False,False,True,False,False,False,False,False,True,False,True,False,False,False,True,False,False,False,False,False,False,False,True,True,False,1994,1,2015,2
210,37,218684,2000,1048.46,466676,59900,0,1,1,2,7080,1180,590,5310,1999,False,False,False,False,True,False,False,False,False,False,False,False,False,False,False,True,False,False,False,True,False,False,False,False,False,False,True,False,False,True,False,False,True,False,False,False,False,True,False,False,False,True,False,False,True,False,False,True,False,False,False,False,False,False,False,True,False,True,2006,8,2015,1
335,50,565564,1000,1538.26,615346,62200,-31400,3,2,3,34320,8580,4290,21450,2009,False,False,False,False,False,False,False,False,False,False,False,False,False,True,False,False,True,False,True,False,False,False,False,False,True,False,False,False,False,False,True,False,False,True,False,True,False,False,True,False,False,False,True,False,False,False,False,True,False,False,False,False,False,False,True,False,False,True,2007,2,2015,1
11,40,743163,2000,1217.69,440106,24000,0,3,1,0,53460,9720,9720,34020,2004,False,False,False,False,True,False,False,False,False,False,False,False,False,False,False,False,True,False,False,False,False,True,False,False,False,False,True,False,False,True,False,False,True,False,True,False,False,False,True,False,False,False,False,False,True,False,False,False,False,True,False,False,False,False,True,False,True,False,2001,4,2015,1
142,33,604614,2000,1362.64,450332,0,0,1,1,3,81360,6780,13560,61020,2009,False,False,False,False,False,False,False,False,False,False,False,True,False,False,False,True,False,True,False,False,False,False,False,False,False,False,True,False,False,False,True,False,True,False,False,False,True,False,False,False,True,False,True,False,False,False,False,False,True,False,False,False,False,False,True,False,True,False,1995,2,2015,1
272,43,509928,1000,1279.13,615226,0,0,3,1,2,81070,7370,14740,58960,2006,False,True,False,False,False,False,False,False,False,False,False,False,False,False,False,False,True,True,False,False,False,False,False,False,True,False,False,False,False,True,False,False,False,True,False,True,False,False,True,False,False,False,True,False,False,False,False,False,False,False,False,True,False,False,True,False,False,True,1995,7,2015,2
69,26,593390,2000,924.72,437688,0,0,1,2,2,63120,5260,10520,47340,2008,False,True,False,False,False,False,False,False,False,False,False,False,False,False,True,False,False,False,True,False,False,False,False,False,False,True,False,False,True,False,False,True,False,False,False,True,False,False,False,False,True,False,True,False,False,False,False,True,False,False,False,False,True,False,False,False,True,False,2006,3,2015,1
38,28,970607,1000,1019.44,437387,0,-39700,1,2,1,7200,1440,720,5040,2004,False,False,True,False,False,False,False,False,False,False,False,False,False,False,False,False,True,True,False,False,False,False,False,False,False,False,True,False,False,True,False,True,False,False,False,False,False,True,False,False,False,True,False,True,False,False,False,False,False,False,True,False,False,False,False,True,False,True,1995,3,2015,2
328,46,174701,500,1314.6,458139,24800,0,1,2,3,70290,12780,6390,51120,1998,False,False,False,False,False,False,False,False,False,False,True,False,False,False,True,False,False,False,False,False,False,False,False,True,False,False,True,False,False,True,False,False,True,False,False,False,True,False,False,False,True,False,False,False,True,False,False,False,False,True,False,False,False,True,False,False,True,False,1996,6,2015,2
281,43,529398,1000,1515.18,443191,0,0,3,1,0,60190,9260,9260,41670,1999,False,False,True,False,False,False,False,False,False,False,False,False,False,False,False,False,True,False,False,False,False,True,False,False,False,True,False,False,True,False,False,True,False,False,False,True,False,False,True,False,False,False,True,False,False,False,True,False,False,False,False,False,False,False,True,False,False,True,1993,6,2015,1
246,44,940942,2000,1649.18,613647,0,-58600,1,1,2,61380,11160,5580,44640,2009,False,False,False,False,False,False,True,False,False,False,False,False,False,False,False,False,True,False,True,False,False,False,False,False,False,False,True,False,False,False,True,False,False,True,True,False,False,False,False,False,True,False,False,True,False,False,True,False,False,False,False,False,True,False,False,False,False,True,2001,7,2015,2
298,49,442677,500,1451.01,460820,47800,0,1,2,2,28100,2810,5620,19670,2012,False,False,False,False,False,False,False,True,False,False,False,False,False,False,False,False,True,False,True,False,False,False,False,False,True,False,False,False,True,False,False,True,False,False,False,True,False,False,False,False,True,False,False,True,False,False,True,False,False,False,False,False,True,False,False,False,True,False,2008,11,2015,2
330,50,365364,1000,978.46,431121,0,0,1,0,0,49060,8920,8920,31220,1995,False,False,False,True,False,False,False,False,False,False,False,False,False,False,True,False,False,False,True,False,False,False,False,False,False,True,False,False,False,False,True,True,False,False,False,False,True,False,False,False,True,False,False,False,True,False,False,True,False,False,False,False,False,False,True,False,True,False,2002,12,2015,2
362,50,114839,500,1198.34,619735,53000,-72500,3,1,1,57060,6340,6340,44380,1995,False,False,False,False,False,False,False,False,True,False,False,False,False,False,True,False,False,False,True,False,False,False,False,False,False,True,False,False,False,True,False,True,False,False,False,False,True,False,True,False,False,False,False,True,False,True,False,False,False,False,False,False,False,False,True,False,False,True,2006,1,2015,1
241,38,872734,2000,1003.23,470485,0,0,3,0,3,77880,12980,12980,51920,2008,True,False,False,False,False,False,False,False,False,False,False,False,False,False,False,True,False,False,False,False,False,False,True,False,False,True,False,False,False,True,False,False,False,True,True,False,False,False,True,False,False,False,True,False,False,True,False,False,False,False,False,False,False,False,True,False,True,False,1990,5,2015,1
245,41,267885,2000,1212.0,620473,24400,-60500,1,0,1,73500,7350,14700,51450,1999,False,False,False,False,False,False,False,True,False,False,False,False,False,False,False,True,False,False,True,False,False,False,False,False,True,False,False,False,False,False,True,False,False,True,False,False,True,False,False,False,True,False,False,False,True,False,False,False,False,False,True,False,True,False,False,False,False,True,2013,8,2015,1
371,52,740505,1000,1242.96,449800,0,-37100,2,2,0,88920,6840,13680,68400,2010,True,False,False,False,False,False,False,False,False,False,False,False,False,False,True,False,False,False,True,False,False,False,False,False,False,False,True,False,False,False,True,False,True,False,False,True,False,False,True,False,False,False,False,True,False,False,False,True,False,False,False,False,False,True,False,False,True,False,1997,10,2015,2
343,52,629663,1000,1053.02,602402,0,0,1,0,2,47630,12990,4330,30310,2005,False,False,False,False,False,False,False,False,False,False,False,False,True,False,True,False,False,False,True,False,False,False,False,False,False,False,True,False,False,True,False,True,False,False,True,False,False,False,False,False,True,False,False,False,True,True,False,False,False,False,False,False,True,False,False,False,True,False,2002,1,2015,2
377,53,839884,500,1693.63,452456,0,-64000,3,1,3,59040,6560,6560,45920,2015,False,False,False,False,False,False,False,False,False,False,True,False,False,False,True,False,False,False,False,False,False,False,False,True,False,True,False,False,False,False,True,True,False,False,False,False,True,False,True,False,False,False,True,False,False,False,False,False,False,True,False,False,True,False,False,False,True,False,1996,9,2015,2
154,37,241562,1000,2047.59,439269,0,-67800,1,0,3,79530,14460,7230,57840,2000,True,False,False,False,False,False,False,False,False,False,False,False,False,False,True,False,False,False,False,False,False,True,False,False,False,False,True,False,False,True,False,True,False,False,False,True,False,False,False,False,True,False,False,True,False,False,False,False,False,True,False,False,False,True,False,False,True,False,2010,1,2015,1
166,34,405533,1000,1083.72,617774,65600,-68200,1,0,2,53680,4880,4880,43920,2005,False,False,False,False,False,False,True,False,False,False,False,False,False,False,False,False,True,False,True,False,False,False,False,False,False,False,True,False,True,False,False,False,False,True,False,False,True,False,False,False,True,False,True,False,False,False,False,True,False,False,False,False,False,False,True,False,True,False,2014,10,2015,2
298,46,667021,1000,1138.42,477678,36900,-55000,1,2,3,33550,3050,6100,24400,2005,False,False,False,False,False,False,False,False,False,False,False,False,False,True,False,False,True,False,False,False,False,True,False,False,False,False,False,True,True,False,False,False,False,True,False,True,False,False,False,False,True,False,False,False,True,False,False,False,True,False,False,False,False,False,True,False,False,True,2007,5,2015,2
235,42,511621,500,1072.62,444913,39900,-60200,4,2,1,69100,6910,6910,55280,2006,False,False,False,False,False,False,False,False,False,False,False,False,True,False,False,True,False,False,False,False,False,False,False,True,False,False,True,False,False,True,False,False,False,True,False,False,True,False,True,False,False,False,False,True,False,False,False,False,False,False,True,False,False,False,True,False,True,False,1990,9,2015,2
172,35,476923,2000,1219.04,456602,63600,-68700,3,2,0,79750,14500,14500,50750,1999,False,False,False,False,False,False,False,False,False,True,False,False,False,False,True,False,False,False,False,True,False,False,False,False,False,False,False,True,False,True,False,True,False,False,True,False,False,False,True,False,False,False,True,False,False,False,False,False,False,True,False,False,False,True,False,False,False,True,2004,9,2015,1
27,28,735822,2000,1371.78,451560,0,-32500,3,0,2,53600,5360,10720,37520,2015,False,True,False,False,False,False,False,False,False,False,False,False,False,False,False,True,False,False,False,False,True,False,False,False,False,False,True,False,False,True,False,False,False,True,True,False,False,False,True,False,False,False,True,False,False,False,False,False,True,False,False,False,True,False,False,False,False,True,1995,8,2015,2
428,54,492745,2000,1506.21,453407,0,-24400,3,1,0,76560,12760,6380,57420,2009,False,False,False,False,False,False,False,False,False,True,False,False,False,False,False,True,False,False,True,False,False,False,False,False,False,True,False,False,True,False,False,False,True,False,False,True,False,False,True,False,False,False,True,False,False,False,False,False,False,False,True,False,False,False,True,False,False,True,2004,2,2015,1
99,32,130930,1000,1058.21,618655,0,0,1,1,1,41130,4570,4570,31990,1999,False,False,False,False,True,False,False,False,False,False,False,False,False,False,False,True,False,False,True,False,False,False,False,False,False,True,False,False,False,False,True,True,False,False,False,False,True,False,False,False,True,False,True,False,False,False,False,False,True,False,False,False,True,False,False,False,False,True,2014,7,2015,1
107,26,261119,2000,932.14,612550,40600,0,3,2,3,78650,14300,7150,57200,1996,False,True,False,False,False,False,False,False,False,False,False,False,False,False,True,False,False,False,False,False,False,True,False,False,False,True,False,False,True,False,False,True,False,False,False,False,True,False,True,False,False,False,False,False,True,False,False,False,False,True,False,False,False,True,False,False,False,True,1997,3,2015,1
272,41,280709,2000,1608.34,466718,33300,-10600,1,1,1,71060,6460,12920,51680,2010,False,False,False,False,False,False,False,False,False,False,True,False,False,False,False,False,True,False,True,False,False,False,False,False,False,False,True,False,False,True,False,False,True,False,True,False,False,False,False,False,True,False,False,False,True,True,False,False,False,False,False,False,False,False,True,False,True,False,1991,5,2015,2
151,37,898573,1000,1728.56,617947,54000,0,1,1,1,38830,3530,3530,31770,1999,False,False,False,False,False,False,False,False,False,False,False,True,False,False,False,True,False,False,False,False,False,False,False,True,False,True,False,False,False,False,True,False,True,False,False,True,False,False,False,False,True,False,False,False,True,False,False,False,False,False,True,False,True,False,False,False,True,False,1992,8,2015,2
249,43,547802,1000,1518.46,606238,0,0,1,0,0,53500,5350,5350,42800,2015,False,False,False,False,False,False,False,False,False,False,True,False,False,False,True,False,False,False,False,False,False,True,False,False,False,True,False,False,False,True,False,False,False,True,True,False,False,False,False,False,True,False,False,True,False,False,False,False,False,True,False,False,True,False,False,False,True,False,2013,9,2015,1
177,38,600845,2000,1540.19,463842,0,-74500,1,2,0,73700,7370,7370,58960,2001,False,False,False,True,False,False,False,False,False,False,False,False,False,False,True,False,False,False,False,False,False,False,True,False,False,False,True,False,False,False,True,True,False,False,True,False,False,False,False,False,True,False,True,False,False,False,True,False,False,False,False,False,True,False,False,False,True,False,2012,1,2015,2
190,40,390381,2000,965.21,610354,36900,-53700,1,2,1,6300,630,630,5040,2001,False,False,False,False,False,False,False,False,False,True,False,False,False,False,False,False,True,False,False,False,False,True,False,False,False,False,True,False,False,True,False,False,False,True,False,False,False,True,False,True,False,False,False,False,True,False,False,False,True,False,False,False,False,False,False,True,True,False,2007,1,2015,2
174,36,629918,2000,1278.75,461328,53200,-53800,3,2,2,65400,10900,10900,43600,2012,False,False,False,False,True,False,False,False,False,False,False,False,False,False,True,False,False,False,True,False,False,False,False,False,True,False,False,False,False,True,False,True,False,False,False,False,True,False,True,False,False,False,True,False,False,False,True,False,False,False,False,False,False,True,False,False,True,False,2005,10,2015,2
95,28,208298,1000,773.99,458727,0,-70300,1,1,2,3200,640,320,2240,2014,False,False,False,False,False,False,False,False,True,False,False,False,False,False,False,False,True,False,False,False,True,False,False,False,False,False,True,False,False,False,True,True,False,False,False,False,False,True,False,False,False,True,False,True,False,True,False,False,False,False,False,False,False,False,False,True,False,True,1990,11,2015,1
371,51,513099,1000,1532.47,452587,60300,-24700,1,0,3,75400,7540,15080,52780,2012,False,False,False,False,True,False,False,False,False,False,False,False,False,False,False,True,False,False,True,False,False,False,False,False,False,True,False,False,False,False,True,False,False,True,True,False,False,False,False,False,True,False,False,False,True,True,False,False,False,False,False,False,False,True,False,False,True,False,2005,10,2015,1
2,28,184938,1000,1340.56,433184,0,0,1,0,2,58140,6460,6460,45220,2008,False,False,False,False,False,False,False,False,False,False,True,False,False,False,True,False,False,False,True,False,False,False,False,False,False,True,False,False,False,False,True,False,False,True,False,True,False,False,False,False,True,False,False,True,False,False,False,False,True,False,False,False,False,False,True,False,True,False,1999,5,2015,1
269,44,187775,500,1297.75,451280,0,-41400,3,0,1,98670,15180,15180,68310,2010,False,False,False,True,False,False,False,False,False,False,False,False,False,False,False,False,True,False,False,False,False,True,False,False,True,False,False,False,False,True,False,False,True,False,False,False,True,False,True,False,False,False,True,False,False,False,False,False,True,False,False,False,False,True,False,False,True,False,2002,12,2015,2
101,27,326322,1000,433.33,603269,25900,0,1,0,3,5900,1180,590,4130,2009,False,False,False,False,False,False,False,False,True,False,False,False,False,False,True,False,False,False,False,False,False,True,False,False,False,False,True,False,False,True,False,True,False,False,False,True,False,False,False,True,False,False,False,True,False,False,False,False,False,False,True,False,False,False,False,True,False,True,2007,2,2015,1
94,30,146138,2000,1025.54,442632,0,-52600,1,1,3,64100,6410,6410,51280,2001,False,False,False,True,False,False,False,False,False,False,False,False,False,False,False,True,False,True,False,False,False,False,False,False,False,True,False,False,False,True,False,False,False,True,True,False,False,False,False,False,True,False,False,True,False,False,False,True,False,False,False,False,False,True,False,False,True,False,2002,3,2015,2
117,28,336047,500,1264.77,447300,47500,-32500,2,0,1,55440,5040,10080,40320,2009,False,False,False,False,False,False,False,False,False,False,False,True,False,False,False,False,True,False,False,False,False,True,False,False,False,True,False,False,False,False,True,False,True,False,False,False,True,False,True,False,False,False,False,True,False,True,False,False,False,False,False,False,False,True,False,False,True,False,2003,4,2015,2
111,27,532330,500,1459.97,441783,0,0,3,1,2,80850,7350,14700,58800,2011,False,False,False,False,False,True,False,False,False,False,False,False,False,False,False,False,True,False,False,False,False,True,False,False,False,False,False,True,True,False,False,True,False,False,True,False,False,False,True,False,False,False,False,True,False,False,False,False,False,True,False,False,False,False,True,False,False,True,2002,9,2015,2
242,40,118137,500,1238.65,468702,0,-44600,1,1,1,7480,680,680,6120,1998,False,False,False,False,False,False,False,False,False,False,True,False,False,False,False,False,True,False,False,False,False,False,False,True,False,False,False,True,False,False,True,True,False,False,False,False,False,True,False,False,False,True,True,False,False,False,False,True,False,False,False,False,False,False,False,True,True,False,1998,2,2015,1
440,61,212674,500,1050.76,467942,41500,-70200,1,2,3,53640,5960,5960,41720,2004,False,False,False,False,False,False,False,False,False,True,False,False,False,False,False,False,True,False,False,True,False,False,False,False,False,True,False,False,False,True,False,True,False,False,True,False,False,False,False,False,True,False,False,True,False,False,False,False,False,False,False,True,False,False,True,False,False,True,1992,9,2015,1
20,23,935596,1000,1711.72,463678,0,0,3,2,2,63250,5750,11500,46000,2002,False,False,False,True,False,False,False,False,False,False,False,False,False,False,False,False,True,False,False,False,False,True,False,False,False,True,False,False,True,False,False,True,False,False,True,False,False,False,True,False,False,False,False,False,True,False,False,False,True,False,False,False,False,True,False,False,True,False,1999,5,2015,1
461,57,737593,500,865.33,615220,0,0,3,0,1,59040,9840,9840,39360,1995,False,False,False,False,True,False,False,False,False,False,False,False,False,False,True,False,False,False,True,False,False,False,False,False,True,False,False,False,True,False,False,False,True,False,True,False,False,False,True,False,False,False,True,False,False,False,False,True,False,False,False,False,False,False,True,False,True,False,1997,12,2015,1
208,36,812025,500,1153.49,432711,0,0,3,1,0,50500,10100,5050,35350,2004,True,False,False,False,False,False,False,False,False,False,False,False,False,False,True,False,False,False,False,False,False,True,False,False,False,False,True,False,False,False,True,False,False,True,False,False,True,False,True,False,False,False,False,True,False,True,False,False,False,False,False,False,False,False,True,False,False,True,2000,6,2015,2
279,43,168151,2000,1281.25,463583,0,0,1,0,1,57690,6410,12820,38460,2010,False,False,False,False,False,False,False,False,True,False,False,False,False,False,False,False,True,False,False,False,False,True,False,False,False,False,False,True,False,False,True,True,False,False,True,False,False,False,False,False,True,False,False,False,True,True,False,False,False,False,False,False,False,False,True,False,False,True,1995,4,2015,1
244,40,594739,500,1342.8,439502,0,0,1,1,3,5940,660,660,4620,2014,False,False,False,False,False,False,False,False,False,False,False,False,True,False,True,False,False,False,True,False,False,False,False,False,False,False,False,True,False,False,True,False,False,True,False,False,False,True,False,False,False,True,True,False,False,False,False,False,False,True,False,False,False,False,False,True,True,False,2006,6,2015,2
134,30,843227,2000,1443.32,613287,0,0,3,0,2,47790,5310,5310,37170,1995,False,False,False,False,False,False,False,False,False,False,False,True,False,False,False,False,True,False,False,False,False,True,False,False,False,True,False,False,False,True,False,False,False,True,True,False,False,False,True,False,False,False,False,True,False,False,False,False,False,False,False,True,False,True,False,False,True,False,2007,9,2015,1
122,29,283925,1000,1629.94,620104,0,-47100,1,0,1,3850,350,350,3150,2014,False,False,False,False,True,False,False,False,False,False,False,False,False,False,False,False,True,False,False,False,False,True,False,False,False,False,True,False,False,True,False,True,False,False,False,False,False,True,False,True,False,False,False,True,False,False,False,False,False,False,True,False,False,False,False,True,True,False,1991,11,2015,2
156,31,475588,2000,1134.08,446895,0,0,1,2,0,59000,5900,5900,47200,2013,False,False,False,False,False,True,False,False,False,False,False,False,False,False,True,False,False,True,False,False,False,False,False,False,False,False,False,True,False,True,False,False,True,False,True,False,False,False,False,False,True,False,True,False,False,False,False,False,False,False,False,True,True,False,False,False,False,True,1996,9,2015,2
232,43,751905,500,1483.91,431531,0,-33600,3,0,1,70600,7060,14120,49420,2013,False,False,False,False,False,False,False,False,False,False,False,False,False,True,False,False,True,False,True,False,False,False,False,False,True,False,False,False,True,False,False,False,True,False,True,False,False,False,True,False,False,False,False,True,False,False,True,False,False,False,False,False,False,True,False,False,False,True,2001,5,2015,1
244,40,226725,2000,1304.67,605408,0,-45000,3,1,1,61490,5590,11180,44720,2001,False,False,False,False,True,False,False,False,False,False,False,False,False,False,False,True,False,False,False,False,False,True,False,False,False,False,False,True,False,True,False,False,True,False,False,True,False,False,True,False,False,False,False,False,True,False,False,False,False,False,True,False,False,False,True,False,False,True,1999,8,2015,1
84,30,942504,2000,1035.79,457551,44400,-51500,1,1,0,57640,5240,10480,41920,2010,False,False,False,False,False,False,False,False,False,False,False,False,False,True,True,False,False,False,False,False,False,True,False,False,False,False,False,True,True,False,False,False,False,True,False,True,False,False,False,False,True,False,False,False,True,False,False,False,False,True,False,False,False,False,True,False,True,False,2003,6,2015,1
394,57,395572,500,1401.2,619892,51500,0,1,1,0,6890,1060,1060,4770,1999,False,True,False,False,False,False,False,False,False,False,False,False,False,False,True,False,False,True,False,False,False,False,False,False,False,False,False,True,True,False,False,True,False,False,False,False,False,True,False,False,False,True,False,True,False,False,False,True,False,False,False,False,False,False,False,True,True,False,1999,3,2015,1
246,45,889883,1000,1665.45,445853,34400,-33100,3,2,2,53280,11840,5920,35520,2006,False,False,False,False,False,False,False,False,False,False,False,False,True,False,True,False,False,False,False,False,True,False,False,False,False,True,False,False,False,True,False,False,True,False,True,False,False,False,True,False,False,False,False,True,False,False,False,False,True,False,False,False,False,False,True,False,False,True,1999,2,2015,1
35,29,818167,2000,653.66,475483,52100,-46900,3,0,0,78300,15660,7830,54810,2009,False,False,True,False,False,False,False,False,False,False,False,False,False,False,False,True,False,False,False,False,False,True,False,False,False,True,False,False,True,False,False,False,True,False,False,True,False,False,True,False,False,False,False,False,True,False,False,False,True,False,False,False,False,True,False,False,True,False,2011,8,2015,2
156,37,277767,500,1080.13,606290,0,-61000,3,0,3,41490,4610,4610,32270,2001,False,False,False,False,False,False,False,False,False,True,False,False,False,False,False,False,True,False,False,False,True,False,False,False,True,False,False,False,False,False,True,True,False,False,True,False,False,False,True,False,False,False,True,False,False,True,False,False,False,False,False,False,False,True,False,False,False,True,2010,6,2015,1
195,36,842618,2000,1346.18,611852,57800,-53300,3,2,3,68970,12540,6270,50160,2007,False,False,False,True,False,False,False,False,False,False,False,False,False,False,False,True,False,False,False,False,False,True,False,False,False,True,False,False,False,False,True,False,False,True,False,False,True,False,True,False,False,False,True,False,False,True,False,False,False,False,False,False,True,False,False,False,True,False,2001,11,2015,2
369,55,577810,2000,1589.54,444734,55400,0,3,2,0,85300,17060,8530,59710,2003,False,False,False,False,False,False,False,False,False,False,False,False,True,False,False,False,True,False,False,False,False,False,True,False,False,False,False,True,False,True,False,False,False,True,False,True,False,False,True,False,False,False,False,True,False,False,True,False,False,False,False,False,False,True,False,False,False,True,2013,4,2015,1
271,40,873114,1000,1251.65,433683,71200,0,1,0,0,3080,560,280,2240,2012,False,True,False,False,False,False,False,False,False,False,False,False,False,False,True,False,False,False,True,False,False,False,False,False,False,False,True,False,True,False,False,True,False,False,False,True,False,False,False,True,False,False,True,False,False,True,False,False,False,False,False,False,False,False,False,True,True,False,1995,12,2015,2
332,47,994538,2000,1083.01,448882,91900,0,4,2,0,71760,11040,11040,49680,2010,False,False,False,False,False,False,False,True,False,False,False,False,False,False,True,False,False,False,False,False,False,False,False,True,False,False,False,True,False,False,True,False,True,False,True,False,False,False,True,False,False,False,True,False,False,False,False,False,False,True,False,False,True,False,False,False,False,True,1991,11,2015,1
107,26,727792,500,974.59,466838,62800,0,3,1,0,59700,11940,11940,35820,2002,False,False,False,False,False,False,False,False,False,True,False,False,False,False,False,False,True,False,True,False,False,False,False,False,True,False,False,False,False,True,False,True,False,False,False,True,False,False,True,False,False,False,True,False,False,False,False,False,True,False,False,False,False,True,False,False,True,False,2014,5,2015,1
217,39,522506,2000,1399.85,605490,49900,-19800,3,0,2,64920,10820,10820,43280,1997,False,False,False,False,False,True,False,False,False,False,False,False,False,False,True,False,False,False,True,False,False,False,False,False,False,True,False,False,True,False,False,False,True,False,False,True,False,False,True,False,False,False,False,False,True,False,False,False,False,False,True,False,True,False,False,False,True,False,1992,3,2015,1
243,43,367595,500,1307.74,466137,0,-75700,3,0,1,37530,4170,4170,29190,2008,False,False,False,False,False,False,False,True,False,False,False,False,False,False,False,True,False,False,False,False,False,True,False,False,True,False,False,False,False,True,False,True,False,False,True,False,False,False,True,False,False,False,False,False,True,True,False,False,False,False,False,False,True,False,False,False,True,False,2006,2,2015,1
296,42,586104,2000,1219.27,466970,53100,-63400,3,1,2,64080,7120,7120,49840,2012,False,False,False,False,False,False,False,False,False,False,True,False,False,False,False,True,False,False,False,False,False,False,False,True,True,False,False,False,False,False,True,True,False,False,False,False,True,False,True,False,False,False,False,True,False,True,False,False,False,False,False,False,False,False,True,False,False,True,2003,3,2015,2
264,41,424862,500,1411.3,474801,55600,0,1,1,0,60390,10980,5490,43920,2004,False,False,True,False,False,False,False,False,False,False,False,False,False,False,False,False,True,False,False,False,True,False,False,False,False,False,True,False,True,False,False,False,True,False,False,True,False,False,False,False,True,False,True,False,False,False,False,False,False,False,False,True,False,True,False,False,False,True,2002,10,2015,2
108,33,512813,2000,694.45,450703,0,0,3,0,1,64350,5850,11700,46800,2011,False,False,False,False,False,False,False,False,False,True,False,False,False,False,True,False,False,False,False,False,False,False,False,True,False,False,False,True,False,True,False,False,False,True,True,False,False,False,True,False,False,False,True,False,False,False,False,False,True,False,False,False,False,False,True,False,True,False,1990,1,2015,1
32,38,356768,500,1006.77,478172,0,0,3,2,1,70900,14180,7090,49630,1997,False,False,True,False,False,False,False,False,False,False,False,False,False,False,True,False,False,False,False,False,False,True,False,False,False,False,False,True,False,False,True,False,False,True,False,True,False,False,True,False,False,False,True,False,False,False,True,False,False,False,False,False,False,False,True,False,True,False,2010,3,2015,2
259,39,330506,1000,1422.36,604668,0,-83900,3,1,3,46560,7760,7760,31040,2012,False,False,False,False,False,False,False,False,False,True,False,False,False,False,False,False,True,False,False,False,True,False,False,False,False,True,False,False,True,False,False,False,True,False,False,True,False,False,True,False,False,False,False,True,False,False,False,False,True,False,False,False,False,False,True,False,True,False,1995,9,2015,1
186,33,779075,1000,1348.32,469429,37600,-37600,1,2,1,4730,860,860,3010,2013,False,False,False,True,False,False,False,False,False,False,False,False,False,False,False,True,False,False,True,False,False,False,False,False,False,False,False,True,True,False,False,False,True,False,False,False,False,True,False,False,False,True,True,False,False,True,False,False,False,False,False,False,False,False,False,True,True,False,2010,2,2015,1
201,40,799501,2000,1315.56,471806,0,0,1,0,0,6820,1240,1240,4340,2003,False,False,False,False,False,False,False,True,False,False,False,False,False,False,False,False,True,False,False,False,False,True,False,False,False,False,False,True,False,False,True,False,False,True,False,True,False,False,False,False,False,True,False,True,False,False,False,False,False,False,False,True,False,False,False,True,True,False,1991,12,2015,2
436,58,987905,2000,1407.01,475705,47400,-27600,1,0,2,59900,11980,5990,41930,1997,False,False,True,False,False,False,False,False,False,False,False,False,False,False,False,False,True,False,False,False,False,False,False,True,False,False,False,True,False,True,False,False,True,False,True,False,False,False,False,False,True,False,False,True,False,False,False,False,False,False,False,True,False,True,False,False,False,True,2002,4,2015,1
189,36,967756,2000,1388.58,459122,0,-49400,3,1,3,79560,13260,13260,53040,2009,False,False,False,False,False,True,False,False,False,False,False,False,False,False,False,False,True,False,False,False,False,False,False,True,False,False,False,True,False,True,False,False,False,True,True,False,False,False,True,False,False,False,False,True,False,False,False,False,False,True,False,False,False,False,True,False,True,False,2007,4,2015,2
105,33,830414,500,1310.76,476737,0,-40900,1,0,1,70290,12780,6390,51120,2008,True,False,False,False,False,False,False,False,False,False,False,False,False,False,True,False,False,False,False,False,False,False,True,False,False,False,True,False,False,False,True,False,True,False,False,False,True,False,False,False,True,False,False,False,True,False,False,True,False,False,False,False,True,False,False,False,True,False,1996,7,2015,2
163,31,127313,1000,1004.63,460359,26900,0,3,2,0,63910,5810,11620,46480,1999,False,False,False,False,False,False,False,False,False,False,False,True,False,False,False,True,False,False,False,False,False,True,False,False,True,False,False,False,False,False,True,True,False,False,False,False,True,False,True,False,False,False,True,False,False,False,False,False,True,False,False,False,False,True,False,False,False,True,2002,4,2015,1
219,40,786957,500,1134.91,452735,68700,0,1,1,0,6400,640,640,5120,1997,False,False,False,False,False,False,False,False,False,False,False,False,True,False,False,False,True,False,False,False,False,True,False,False,False,False,True,False,False,True,False,True,False,False,False,False,False,True,False,False,False,True,True,False,False,True,False,False,False,False,False,False,False,False,False,True,True,False,2006,10,2015,1
88,25,332892,1000,1194.0,613583,0,0,1,1,2,66780,7420,7420,51940,2013,False,False,False,False,False,True,False,False,False,False,False,False,False,False,False,True,False,False,False,False,False,True,False,False,True,False,False,False,False,False,True,False,False,True,True,False,False,False,False,False,True,False,False,True,False,False,False,False,True,False,False,False,False,True,False,False,True,False,2007,10,2015,2
40,39,448642,1000,1248.25,605692,0,-33300,1,0,2,8760,1460,1460,5840,2013,False,False,True,False,False,False,False,False,False,False,False,False,False,False,False,True,False,False,False,False,False,False,True,False,False,False,False,True,True,False,False,False,True,False,False,True,False,False,False,True,False,False,False,False,True,False,True,False,False,False,False,False,False,False,False,True,True,False,2001,3,2015,2
284,42,526039,500,1338.54,438178,0,0,1,0,1,94160,8560,17120,68480,1996,False,False,False,True,False,False,False,False,False,False,False,False,False,False,False,False,True,True,False,False,False,False,False,False,True,False,False,False,False,False,True,False,True,False,True,False,False,False,False,False,True,False,True,False,False,True,False,False,False,False,False,False,False,False,True,False,False,True,1995,5,2015,1
59,40,444422,2000,782.23,449221,64200,-32300,3,0,2,51570,5730,11460,34380,2010,False,False,True,False,False,False,False,False,False,False,False,False,False,False,True,False,False,False,False,True,False,False,False,False,True,False,False,False,False,True,False,True,False,False,False,False,True,False,True,False,False,False,False,True,False,False,True,False,False,False,False,False,True,False,False,False,False,True,2011,9,2015,2
39,31,689500,2000,1366.9,459322,0,-15700,3,1,0,52700,10540,10540,31620,2014,False,False,True,False,False,False,False,False,False,False,False,False,False,False,True,False,False,True,False,False,False,False,False,False,False,True,False,False,False,True,False,True,False,False,True,False,False,False,True,False,False,False,False,True,False,False,False,True,False,False,False,False,False,True,False,False,True,False,2003,1,2015,1
147,34,806081,1000,1275.81,472657,0,-48300,1,2,2,101010,15540,15540,69930,1998,False,False,False,False,False,False,False,False,True,False,False,False,False,False,True,False,False,False,True,False,False,False,False,False,False,True,False,False,False,False,True,False,True,False,False,True,False,False,False,False,True,False,False,False,True,False,False,True,False,False,False,False,False,False,True,False,False,True,2011,2,2015,1
156,37,384618,500,1090.65,608331,0,-51800,4,1,2,53400,5340,5340,42720,2010,False,False,False,False,False,False,True,False,False,False,False,False,False,False,False,True,False,True,False,False,False,False,False,False,False,False,False,True,False,True,False,False,False,True,False,True,False,False,True,False,False,False,False,True,False,False,False,True,False,False,False,False,False,True,False,False,False,True,1993,2,2015,1
123,31,756459,500,1326.0,438546,0,-54600,1,1,2,72120,12020,12020,48080,2009,False,False,False,False,False,False,False,False,True,False,False,False,False,False,False,True,False,False,False,False,False,True,False,False,False,True,False,False,False,True,False,True,False,False,False,False,True,False,False,False,True,False,False,True,False,True,False,False,False,False,False,False,False,False,True,False,True,False,2005,8,2015,2
231,43,655787,2000,972.47,441981,0,-58100,3,2,2,77100,7710,15420,53970,2010,False,True,False,False,False,False,False,False,False,False,False,False,False,False,True,False,False,False,False,False,True,False,False,False,False,False,False,True,False,False,True,False,False,True,False,True,False,False,True,False,False,False,False,True,False,False,True,False,False,False,False,False,True,False,False,False,False,True,2006,6,2015,2
247,39,419954,500,806.31,602177,0,0,1,2,3,3300,600,0,2700,2003,False,False,False,False,True,False,False,False,False,False,False,False,False,False,True,False,False,False,False,False,False,True,False,False,False,False,False,True,False,True,False,False,True,False,False,False,False,True,False,True,False,False,True,False,False,False,True,False,False,False,False,False,False,False,False,True,True,False,1993,12,2015,2
194,35,275092,500,1416.24,441659,0,0,1,1,0,5940,1080,540,4320,2003,False,False,False,False,False,False,False,False,False,True,False,False,False,False,True,False,False,False,False,False,False,False,False,True,False,False,True,False,False,False,True,False,True,False,False,True,False,False,False,True,False,False,False,False,True,False,False,False,False,True,False,False,False,False,False,True,True,False,2012,3,2015,2
119,27,515698,2000,1097.64,614812,27100,0,2,1,0,63720,7080,21240,35400,2006,True,False,False,False,False,False,False,False,False,False,False,False,False,False,False,True,False,False,False,False,True,False,False,False,False,False,True,False,True,False,False,False,True,False,True,False,False,False,True,False,False,False,False,True,False,False,False,True,False,False,False,False,False,True,False,False,False,True,1997,8,2015,2
259,43,132871,500,947.75,458470,0,-39300,1,1,3,7680,1280,640,5760,2008,False,True,False,False,False,False,False,False,False,False,False,False,False,False,True,False,False,False,False,False,False,True,False,False,False,False,False,True,True,False,False,True,False,False,False,False,False,True,False,False,False,True,True,False,False,False,False,False,False,False,True,False,False,False,False,True,True,False,2009,7,2015,2
107,31,714929,2000,1018.73,469646,20000,-82700,3,1,2,93730,14420,21630,57680,2001,False,False,False,False,False,False,True,False,False,False,False,False,False,False,True,False,False,False,True,False,False,False,False,False,False,False,False,True,False,False,True,False,True,False,False,False,True,False,True,False,False,False,True,False,False,True,False,False,False,False,False,False,False,False,True,False,False,True,1994,11,2015,1
48,44,297816,2000,1400.74,611118,34000,-55600,3,0,2,87300,17460,17460,52380,2013,False,False,False,False,False,False,False,True,False,False,False,False,False,False,True,False,False,True,False,False,False,False,False,False,False,False,False,True,False,False,True,False,True,False,True,False,False,False,True,False,False,False,True,False,False,False,True,False,False,False,False,False,False,True,False,False,False,True,1997,2,2015,1
267,40,426708,500,1155.53,465158,0,-35200,1,0,2,5670,1260,630,3780,1997,False,False,False,False,False,True,False,False,False,False,False,False,False,False,True,False,False,False,True,False,False,False,False,False,False,False,False,True,False,True,False,True,False,False,False,False,False,True,False,True,False,False,False,True,False,False,False,False,True,False,False,False,False,False,False,True,False,True,2009,10,2015,1
286,47,615047,500,1386.93,457130,54100,-77600,3,0,0,65800,13160,6580,46060,2001,True,False,False,False,False,False,False,False,False,False,False,False,False,False,False,True,False,False,True,False,False,False,False,False,False,False,True,False,False,False,True,True,False,False,False,True,False,False,True,False,False,False,False,True,False,False,False,True,False,False,False,False,False,True,False,False,False,True,2002,11,2015,1
175,34,771236,500,915.29,607893,82400,-57100,1,2,1,36720,4080,4080,28560,2009,False,False,False,False,False,False,True,False,False,False,False,False,False,False,False,False,True,False,True,False,False,False,False,False,False,False,True,False,False,True,False,False,False,True,True,False,False,False,False,False,True,False,True,False,False,False,False,False,True,False,False,False,True,False,False,False,True,False,1995,5,2015,2
111,29,235869,500,1239.55,464736,0,0,1,1,1,52800,4800,9600,38400,1996,False,False,False,False,False,False,False,False,True,False,False,False,False,False,True,False,False,False,False,False,False,True,False,False,False,True,False,False,False,True,False,False,False,True,True,False,False,False,False,False,True,False,False,True,False,False,False,False,False,False,False,True,False,False,True,False,True,False,2011,1,2015,1
151,37,931625,500,1366.42,476198,44000,0,3,1,2,59100,5910,5910,47280,1998,False,False,False,False,False,False,False,False,False,True,False,False,False,False,False,True,False,False,False,False,False,True,False,False,False,True,False,False,True,False,False,False,False,True,False,False,True,False,True,False,False,False,False,True,False,True,False,False,False,False,False,False,False,True,False,False,True,False,2012,10,2015,2
156,37,371635,1000,1086.48,444903,0,-53800,3,1,1,77440,14080,7040,56320,1999,False,False,False,False,False,False,False,False,False,False,False,True,False,False,False,False,True,False,True,False,False,False,False,False,False,False,True,False,False,True,False,False,False,True,False,False,True,False,True,False,False,False,False,False,True,True,False,False,False,False,False,False,False,True,False,False,False,True,1991,10,2015,1
165,36,427199,2000,1247.87,464336,0,-39700,3,2,2,45700,4570,4570,36560,2008,False,False,True,False,False,False,False,False,False,False,False,False,False,False,True,False,False,False,True,False,False,False,False,False,False,True,False,False,True,False,False,True,False,False,False,False,True,False,True,False,False,False,False,True,False,False,False,False,False,False,True,False,False,False,True,False,False,True,2010,10,2015,1
253,41,261315,2000,1312.75,471453,81300,0,3,2,2,80740,7340,14680,58720,2014,False,False,False,False,False,False,False,False,False,False,False,False,True,False,False,False,True,False,False,False,False,True,False,False,False,False,True,False,True,False,False,False,False,True,True,False,False,False,True,False,False,False,True,False,False,False,False,False,False,False,False,True,False,True,False,False,True,False,2013,4,2015,1
10,26,582973,2000,765.64,466191,0,-22200,3,0,3,31350,2850,5700,22800,2001,False,False,False,False,False,False,True,False,False,False,False,False,False,False,False,True,False,False,False,False,False,True,False,False,True,False,False,False,False,True,False,False,True,False,True,False,False,False,True,False,False,False,True,False,False,False,False,False,False,True,False,False,True,False,False,False,False,True,2008,6,2015,2
158,33,278091,2000,1327.41,440930,0,-38600,1,0,0,35000,3500,7000,24500,2012,False,False,False,False,False,False,False,False,False,False,False,True,False,False,False,False,True,False,False,False,False,True,False,False,False,False,True,False,False,True,False,False,True,False,False,False,True,False,False,False,True,False,True,False,False,True,False,False,False,False,False,False,False,False,True,False,True,False,2013,12,2015,1
436,59,153154,1000,1338.55,430380,39000,0,3,2,2,68000,13600,6800,47600,2014,False,False,False,False,False,False,False,False,False,False,False,False,True,False,False,False,True,False,False,False,False,False,False,True,False,False,False,True,False,True,False,True,False,False,False,False,True,False,True,False,False,False,False,False,True,False,False,False,False,False,False,True,False,False,True,False,False,True,2010,8,2015,1
91,30,515217,2000,1316.63,613178,43900,0,3,2,0,84500,13000,13000,58500,2009,False,False,True,False,False,False,False,False,False,False,False,False,False,False,True,False,False,False,False,False,False,True,False,False,False,False,True,False,False,False,True,False,True,False,False,True,False,False,True,False,False,False,False,True,False,False,False,False,False,False,True,False,False,False,True,False,True,False,2010,6,2015,1
256,42,860497,1000,1286.44,460564,0,-39500,1,2,1,75500,7550,15100,52850,1998,False,False,False,False,False,False,False,False,False,True,False,False,False,False,True,False,False,False,False,False,False,False,False,True,False,False,False,True,True,False,False,False,True,False,False,True,False,False,False,False,True,False,False,False,True,False,False,False,False,True,False,False,False,True,False,False,True,False,1992,4,2015,1
274,46,351741,1000,1372.18,439929,0,0,3,1,3,90600,15100,15100,60400,2009,False,False,True,False,False,False,False,False,False,False,False,False,False,False,False,False,True,False,False,False,False,False,False,True,False,False,True,False,True,False,False,False,True,False,False,False,True,False,True,False,False,False,False,False,True,False,False,True,False,False,False,False,False,False,True,False,False,True,1997,2,2015,1
275,45,403737,2000,1447.77,605756,39400,-63900,3,1,1,64320,5360,10720,48240,1998,True,False,False,False,False,False,False,False,False,False,False,False,False,False,False,True,False,False,False,False,False,False,True,False,True,False,False,False,False,False,True,False,True,False,False,False,True,False,True,False,False,False,False,False,True,True,False,False,False,False,False,False,False,False,True,False,True,False,1991,12,2015,1
1,33,162004,500,903.32,451184,0,0,3,1,0,31700,6340,3170,22190,2006,False,False,False,False,False,False,False,False,False,False,False,False,True,False,True,False,False,False,True,False,False,False,False,False,False,False,False,True,False,True,False,False,True,False,False,True,False,False,True,False,False,False,False,True,False,False,False,True,False,False,False,False,False,True,False,False,True,False,1995,9,2015,1
85,30,740384,1000,1454.42,459588,51600,-73900,1,0,1,74280,12380,12380,49520,2006,False,False,False,False,False,False,False,False,False,False,False,True,False,False,False,True,False,False,True,False,False,False,False,False,False,False,True,False,False,False,True,False,False,True,True,False,False,False,False,False,True,False,False,False,True,True,False,False,False,False,False,False,False,False,True,False,False,True,1993,10,2015,1
233,37,876714,2000,1603.42,616637,61600,-30200,1,0,2,80520,13420,6710,60390,2005,False,False,False,False,False,False,False,False,False,False,False,False,True,False,True,False,False,False,True,False,False,False,False,False,False,True,False,False,False,False,True,False,False,True,False,False,True,False,False,False,True,False,True,False,False,False,False,True,False,False,False,False,True,False,False,False,True,False,1991,11,2015,2
142,30,951543,2000,1616.58,447979,58500,-46800,3,0,3,63600,6360,12720,44520,2010,False,False,False,False,True,False,False,False,False,False,False,False,False,False,False,True,False,False,False,False,False,True,False,False,False,False,True,False,False,False,True,False,False,True,True,False,False,False,True,False,False,False,False,True,False,False,False,False,True,False,False,False,False,True,False,False,False,True,2002,7,2015,2
266,44,576723,500,1611.83,460176,0,0,1,1,2,32800,3280,3280,26240,2012,False,False,True,False,False,False,False,False,False,False,False,False,False,False,True,False,False,False,False,False,False,False,False,True,False,False,False,True,False,True,False,False,False,True,False,False,True,False,False,False,True,False,False,True,False,False,False,True,False,False,False,False,True,False,False,False,False,True,1999,12,2015,1
350,50,391003,500,889.13,459429,0,0,3,0,2,44190,9820,4910,29460,2015,False,True,False,False,False,False,False,False,False,False,False,False,False,False,False,False,True,False,False,False,True,False,False,False,False,False,False,True,True,False,False,True,False,False,False,False,True,False,True,False,False,False,False,False,True,False,False,False,False,False,True,False,False,True,False,False,True,False,2005,7,2015,2
97,26,225865,1000,1252.08,465456,0,0,2,2,2,50400,10080,5040,35280,2000,False,False,False,False,False,False,True,False,False,False,False,False,False,False,True,False,False,False,False,False,False,False,True,False,False,False,True,False,False,False,True,True,False,False,True,False,False,False,True,False,False,False,False,True,False,False,True,False,False,False,False,False,False,True,False,False,False,True,1991,11,2015,2
399,55,984948,2000,995.56,464665,0,-65400,3,1,1,88400,17680,8840,61880,2010,False,False,False,False,False,False,False,False,False,True,False,False,False,False,True,False,False,False,True,False,False,False,False,False,False,False,False,True,False,False,True,False,False,True,False,False,True,False,True,False,False,False,False,False,True,False,False,False,True,False,False,False,False,False,True,False,False,True,1993,4,2015,2
305,49,890328,2000,1347.92,430853,0,-42100,3,0,2,66550,12100,6050,48400,2003,False,False,False,False,False,False,False,False,False,False,False,False,False,True,True,False,False,False,True,False,False,False,False,False,False,True,False,False,False,False,True,False,True,False,False,False,True,False,True,False,False,False,True,False,False,False,False,True,False,False,False,False,True,False,False,False,True,False,2009,8,2015,2
276,47,803294,1000,1724.09,615712,0,0,3,0,0,65780,5980,11960,47840,2014,False,False,False,True,False,False,False,False,False,False,False,False,False,False,False,True,False,False,True,False,False,False,False,False,False,False,False,True,False,False,True,False,True,False,False,True,False,False,True,False,False,False,True,False,False,False,False,False,False,False,False,True,False,True,False,False,False,True,1993,6,2015,1
257,40,414913,500,1379.93,608228,0,0,3,0,2,51810,9420,4710,37680,2002,False,True,False,False,False,False,False,False,False,False,False,False,False,False,False,True,False,False,True,False,False,False,False,False,False,False,True,False,False,True,False,False,False,True,True,False,False,False,True,False,False,False,False,True,False,False,False,False,False,True,False,False,False,False,True,False,False,True,2012,7,2015,2
78,31,414519,1000,1554.64,457535,0,-27900,1,1,0,55660,5060,10120,40480,2009,False,False,False,False,False,False,True,False,False,False,False,False,False,False,False,True,False,False,False,False,False,False,False,True,False,False,True,False,True,False,False,True,False,False,True,False,False,False,False,False,True,False,False,True,False,False,False,False,False,False,False,True,True,False,False,False,False,True,1999,1,2015,2
129,28,818413,1000,1377.94,442540,0,0,1,2,3,44640,9920,4960,29760,2005,False,False,False,False,False,False,False,False,False,False,False,False,True,False,False,False,True,False,True,False,False,False,False,False,False,True,False,False,False,True,False,False,True,False,True,False,False,False,False,False,True,False,False,False,True,False,False,False,False,False,True,False,False,False,True,False,False,True,1990,2,2015,2
283,46,487356,2000,1313.33,455332,53500,-73600,3,1,3,77660,7060,14120,56480,2004,False,False,False,False,False,False,False,False,False,True,False,False,False,False,True,False,False,False,True,False,False,False,False,False,True,False,False,False,False,True,False,True,False,False,True,False,False,False,True,False,False,False,False,False,True,False,False,False,False,False,False,True,True,False,False,False,True,False,2000,8,2015,1
85,25,159768,500,1259.02,439534,67000,-53600,1,2,2,5640,940,940,3760,2005,False,False,False,False,False,False,False,False,False,True,False,False,False,False,False,True,False,False,False,False,False,True,False,False,False,False,True,False,True,False,False,False,True,False,False,False,False,True,False,True,False,False,False,True,False,False,False,False,True,False,False,False,False,False,False,True,True,False,2008,9,2015,2
101,26,865839,1000,1371.88,462420,0,0,1,2,2,3190,580,580,2030,1995,False,False,False,False,False,False,False,False,False,False,False,True,False,False,True,False,False,False,False,False,False,False,True,False,False,False,True,False,False,True,False,False,True,False,False,False,False,True,False,True,False,False,False,False,True,False,False,False,False,True,False,False,False,False,False,True,True,False,1991,8,2015,2
96,30,406567,500,1399.27,448913,38900,-48700,1,0,0,53440,0,6680,46760,2004,False,False,False,False,False,True,False,False,False,False,False,False,False,False,False,False,True,True,False,False,False,False,False,False,False,True,False,False,False,True,False,False,False,True,False,False,True,False,False,False,True,False,True,False,False,False,True,False,False,False,False,False,False,False,True,False,False,True,2001,9,2015,2
121,31,623032,1000,1061.98,440837,0,0,1,0,1,65250,7250,7250,50750,2002,False,False,True,False,False,False,False,False,False,False,False,False,False,False,True,False,False,False,False,False,False,False,False,True,False,False,False,True,True,False,False,False,False,True,False,True,False,False,False,False,True,False,False,False,True,False,False,False,True,False,False,False,False,True,False,False,True,False,2007,3,2015,2
176,39,935442,500,1365.46,466634,0,-56600,3,2,1,44280,4920,4920,34440,2008,False,False,False,True,False,False,False,False,False,False,False,False,False,False,False,False,True,False,False,False,False,True,False,False,False,True,False,False,True,False,False,True,False,False,False,True,False,False,True,False,False,False,False,True,False,False,True,False,False,False,False,False,False,False,True,False,False,True,2010,11,2015,2
159,37,106873,1000,894.4,446435,0,-53700,1,2,0,70290,7810,7810,54670,1999,False,False,False,False,True,False,False,False,False,False,False,False,False,False,True,False,False,False,True,False,False,False,False,False,False,False,False,True,False,False,True,True,False,False,False,False,True,False,False,False,True,False,False,False,True,True,False,False,False,False,False,False,False,True,False,False,False,True,1998,8,2015,1
120,30,563878,500,956.69,438237,39600,-64300,1,1,1,87100,8710,8710,69680,2000,False,False,False,False,False,False,False,False,False,False,True,False,False,False,False,True,False,False,True,False,False,False,False,False,False,False,True,False,False,True,False,False,False,True,False,True,False,False,False,False,True,False,False,True,False,True,False,False,False,False,False,False,True,False,False,False,True,False,2002,7,2015,2
212,35,620855,2000,1123.89,468313,35400,-49200,3,1,3,50380,4580,4580,41220,1996,False,False,False,False,False,False,False,False,False,False,False,True,False,False,False,True,False,False,True,False,False,False,False,False,False,True,False,False,False,True,False,False,True,False,False,False,True,False,True,False,False,False,False,False,True,False,False,False,False,True,False,False,True,False,False,False,False,True,1990,4,2015,1
290,45,583169,500,1085.03,476303,0,-61000,3,2,2,64800,12960,6480,45360,2014,False,True,False,False,False,False,False,False,False,False,False,False,False,False,True,False,False,False,False,False,False,False,True,False,False,False,False,True,False,False,True,True,False,False,False,False,True,False,True,False,False,False,True,False,False,False,False,False,True,False,False,False,False,False,True,False,True,False,1998,2,2015,3
299,42,337677,2000,1437.33,450339,25000,0,1,1,3,70400,12800,12800,44800,2000,False,False,True,False,False,False,False,False,False,False,False,False,False,False,False,False,True,False,False,False,False,True,False,False,False,False,True,False,False,False,True,True,False,False,False,True,False,False,False,False,True,False,True,False,False,True,False,False,False,False,False,False,False,True,False,False,True,False,2008,7,2015,2
66,26,445973,1000,988.29,476502,0,0,1,2,2,57860,0,10520,47340,2008,False,False,False,False,False,False,False,False,False,False,False,True,False,False,True,False,False,False,True,False,False,False,False,False,False,False,False,True,False,True,False,False,False,True,True,False,False,False,False,False,True,False,False,True,False,False,True,False,False,False,False,False,False,True,False,False,False,True,1998,11,2015,2
334,47,156694,500,1238.89,600561,0,0,1,0,3,6240,960,960,4320,2011,False,False,False,False,False,True,False,False,False,False,False,False,False,False,True,False,False,False,False,False,False,False,False,True,False,False,True,False,False,True,False,True,False,False,False,True,False,False,False,False,False,True,False,False,True,False,False,False,False,False,True,False,False,False,False,True,False,True,2001,5,2015,1
216,38,421940,1000,1384.64,600754,0,0,1,2,3,66600,16650,11100,38850,2012,False,False,False,False,False,False,False,True,False,False,False,False,False,False,False,True,False,False,False,False,False,False,True,False,False,False,False,True,False,True,False,True,False,False,False,False,True,False,False,False,True,False,True,False,False,True,False,False,False,False,False,False,False,True,False,False,True,False,2014,6,2015,1
86,28,613226,2000,1595.07,439304,75800,0,1,0,2,70920,11820,11820,47280,2002,False,False,False,False,False,False,False,True,False,False,False,False,False,False,False,True,False,False,False,False,False,False,True,False,False,False,False,True,False,False,True,False,False,True,False,True,False,False,False,False,True,False,True,False,False,False,False,False,False,False,False,True,False,False,True,False,False,True,1991,8,2015,2
429,56,804410,1000,1127.89,460722,67400,-43800,1,2,0,39480,6580,6580,26320,2002,False,False,False,False,False,False,False,False,False,False,False,True,False,False,False,False,True,False,False,False,False,False,False,True,True,False,False,False,False,False,True,False,False,True,False,True,False,False,False,False,True,False,False,True,False,True,False,False,False,False,False,False,False,True,False,False,False,True,1998,12,2015,1
257,43,553565,2000,929.7,618632,46400,-74300,1,2,2,63240,10540,5270,47430,2005,False,False,False,False,False,False,False,False,True,False,False,False,False,False,False,True,False,False,False,False,False,False,True,False,False,False,True,False,False,True,False,False,False,True,False,False,True,False,False,False,True,False,False,False,True,False,False,False,False,False,False,True,True,False,False,False,True,False,1999,2,2015,1
15,34,399524,1000,1829.63,452204,56700,0,3,1,0,67650,12300,6150,49200,2009,False,True,False,False,False,False,False,False,False,False,False,False,False,False,True,False,False,False,False,False,False,True,False,False,False,False,True,False,False,False,True,False,True,False,False,False,True,False,True,False,False,False,True,False,False,False,False,False,True,False,False,False,False,False,True,False,False,True,1997,10,2015,2
230,39,331595,1000,904.7,454530,68600,-22300,1,1,3,74200,14840,14840,44520,2002,True,False,False,False,False,False,False,False,False,False,False,False,False,False,True,False,False,False,False,False,False,True,False,False,False,True,False,False,False,True,False,True,False,False,True,False,False,False,False,False,True,False,True,False,False,False,False,False,False,True,False,False,True,False,False,False,True,False,1999,11,2015,2
250,43,380067,1000,1243.84,474848,47900,-73400,1,1,3,64900,12980,12980,38940,2011,False,False,False,False,False,False,False,False,False,False,False,False,False,True,False,False,True,False,False,False,False,False,True,False,False,False,True,False,False,False,True,True,False,False,False,True,False,False,False,False,True,False,False,False,True,False,False,False,True,False,False,False,False,False,True,False,True,False,2013,7,2015,1
270,44,701521,2000,1030.95,435985,47200,0,3,1,0,35900,7180,3590,25130,2007,False,True,False,False,False,False,False,False,False,False,False,False,False,False,True,False,False,True,False,False,False,False,False,False,True,False,False,False,False,True,False,True,False,False,True,False,False,False,True,False,False,False,False,False,True,True,False,False,False,False,False,False,False,True,False,False,True,False,2003,7,2015,2
65,26,360770,500,1285.03,457942,0,-41500,1,1,3,52200,5220,10440,36540,2011,False,False,False,False,False,False,True,False,False,False,False,False,False,False,False,True,False,False,False,False,False,False,True,False,False,True,False,False,True,False,False,False,True,False,False,True,False,False,False,False,True,False,True,False,False,False,False,True,False,False,False,False,False,True,False,False,True,False,2005,9,2015,2
475,57,958785,500,1216.56,436522,67400,-83200,1,0,2,78000,6500,13000,58500,2000,False,False,False,False,False,False,False,False,False,False,False,True,False,False,False,False,True,False,False,False,False,True,False,False,False,False,False,True,False,True,False,True,False,False,False,True,False,False,False,False,True,False,True,False,False,False,False,False,False,False,True,False,True,False,False,False,False,True,1995,2,2015,1
77,27,797934,2000,966.26,471704,56400,-32800,3,0,0,67200,6720,6720,53760,1995,False,False,False,False,False,False,False,False,False,False,False,False,False,True,False,True,False,False,True,False,False,False,False,False,True,False,False,False,False,False,True,False,True,False,False,True,False,False,True,False,False,False,False,False,True,False,False,True,False,False,False,False,True,False,False,False,True,False,1999,4,2015,2
256,43,883980,500,1203.17,455810,56700,-65600,1,0,0,63250,11500,5750,46000,1997,False,False,False,False,False,False,False,False,False,True,False,False,False,False,False,False,True,False,False,False,False,False,False,True,False,True,False,False,True,False,False,False,True,False,False,False,True,False,False,False,True,False,True,False,False,False,False,False,False,True,False,False,False,True,False,False,True,False,2014,12,2015,2
229,37,340614,2000,1212.12,446544,65600,0,3,1,1,68760,11460,5730,51570,1995,False,False,False,False,False,True,False,False,False,False,False,False,False,False,True,False,False,False,False,False,False,False,False,True,False,False,True,False,False,False,True,False,False,True,True,False,False,False,True,False,False,False,False,True,False,False,False,False,False,True,False,False,False,False,True,False,True,False,1997,6,2015,1
110,28,435784,1000,1573.93,461919,30400,0,3,0,2,65040,10840,10840,43360,2010,False,False,False,False,False,False,False,False,False,False,False,True,False,False,False,False,True,False,True,False,False,False,False,False,False,False,False,True,False,False,True,False,True,False,False,True,False,False,True,False,False,False,False,True,False,False,True,False,False,False,False,False,False,False,True,False,False,True,2013,7,2015,1
177,33,563837,1000,1609.67,470128,0,-13200,1,1,3,82800,20700,13800,48300,2004,False,False,False,False,False,False,False,True,False,False,False,False,False,False,True,False,False,False,False,False,False,True,False,False,True,False,False,False,False,True,False,False,True,False,True,False,False,False,False,False,True,False,True,False,False,False,True,False,False,False,False,False,False,False,True,False,False,True,2002,12,2015,1
292,44,200827,500,1097.57,462836,0,0,1,1,0,61700,6170,6170,49360,2005,False,False,False,False,False,False,False,False,False,False,True,False,False,False,False,False,True,False,False,False,False,True,False,False,False,False,True,False,True,False,False,False,False,True,False,False,True,False,False,False,True,False,False,False,True,False,False,False,False,False,False,True,False,False,True,False,False,True,1997,2,2015,2
451,61,533941,2000,1618.65,475407,0,-42600,3,2,1,78100,15620,7810,54670,1997,False,False,False,True,False,False,False,False,False,False,False,False,False,False,False,True,False,False,False,True,False,False,False,False,True,False,False,False,False,False,True,False,False,True,True,False,False,False,True,False,False,False,False,True,False,True,False,False,False,False,False,False,False,True,False,False,True,False,1998,6,2015,2
61,24,265026,500,922.67,473611,47400,0,3,2,1,65520,9360,9360,46800,2011,False,False,False,False,False,False,False,False,False,False,False,False,True,False,False,True,False,False,False,False,False,True,False,False,True,False,False,False,False,False,True,False,True,False,True,False,False,False,True,False,False,False,True,False,False,False,True,False,False,False,False,False,False,True,False,False,True,False,1996,2,2015,1
150,30,354481,1000,1342.02,608425,0,0,1,0,2,4500,450,450,3600,1999,False,False,False,False,False,False,False,False,False,False,True,False,False,False,False,True,False,False,False,False,False,False,True,False,False,False,True,False,False,False,True,True,False,False,False,False,False,True,False,True,False,False,True,False,False,False,False,False,False,True,False,False,False,False,False,True,False,True,2004,11,2015,2
283,41,566720,500,1195.01,476227,60700,-54300,3,0,2,42700,0,6100,36600,2011,False,False,False,False,False,False,False,False,True,False,False,False,False,False,False,False,True,False,False,False,False,False,False,True,False,False,True,False,True,False,False,False,True,False,True,False,False,False,True,False,False,False,True,False,False,True,False,False,False,False,False,False,False,False,True,False,True,False,2012,10,2015,1
291,46,832746,1000,994.74,452701,0,-55300,1,2,2,5580,620,620,4340,2005,False,False,False,False,False,False,False,False,False,False,False,False,False,True,False,False,True,False,False,False,False,True,False,False,False,False,False,True,True,False,False,False,False,True,False,True,False,False,False,True,False,False,False,False,True,False,False,True,False,False,False,False,False,False,False,True,True,False,2006,4,2015,1
162,31,386690,1000,1050.24,456789,30700,0,1,0,0,3600,360,720,2520,2013,False,False,True,False,False,False,False,False,False,False,False,False,False,False,False,True,False,True,False,False,False,False,False,False,False,False,True,False,False,True,False,True,False,False,False,True,False,False,False,True,False,False,True,False,False,False,False,False,False,False,True,False,False,False,False,True,True,False,2006,2,2015,2
154,36,979285,2000,1313.51,600904,68500,0,1,2,0,2800,280,280,2240,2015,False,False,False,False,False,False,False,False,False,False,False,False,False,True,True,False,False,False,False,False,False,True,False,False,False,False,True,False,False,True,False,False,True,False,False,False,False,True,False,False,False,True,False,True,False,False,False,False,False,False,True,False,False,False,False,True,True,False,2003,12,2015,2
289,47,594722,2000,1102.29,450889,73000,-37900,1,1,0,54000,6000,6000,42000,1996,False,False,False,False,False,False,False,False,False,False,False,False,True,False,False,False,True,False,False,False,False,False,True,False,True,False,False,False,True,False,False,False,False,True,False,True,False,False,False,False,True,False,False,False,True,True,False,False,False,False,False,False,True,False,False,False,True,False,1999,7,2015,1
10,19,216738,1000,1185.78,478837,0,-60700,1,0,2,48950,4450,8900,35600,2011,True,False,False,False,False,False,False,False,False,False,False,False,False,False,False,True,False,True,False,False,False,False,False,False,False,False,False,True,False,True,False,False,True,False,False,True,False,False,False,False,True,False,False,True,False,False,False,False,True,False,False,False,False,False,True,False,True,False,2014,8,2015,2
309,47,369048,500,1527.95,611322,69400,0,4,0,1,77800,15560,15560,46680,2002,False,False,False,False,True,False,False,False,False,False,False,False,False,False,True,False,False,False,False,False,False,False,False,True,False,False,True,False,False,False,True,False,True,False,True,False,False,False,True,False,False,False,False,False,True,False,False,False,False,False,False,True,False,True,False,False,False,True,2011,6,2015,2
396,57,514424,1000,1366.39,438180,0,-22400,3,2,1,52560,11680,5840,35040,1995,False,False,False,False,False,False,False,False,False,False,True,False,False,False,False,True,False,True,False,False,False,False,False,False,False,False,True,False,False,False,True,True,False,False,True,False,False,False,True,False,False,False,True,False,False,False,False,True,False,False,False,False,True,False,False,False,False,True,1992,10,2015,1
273,41,954191,1000,1403.9,449793,0,0,2,1,2,44110,4010,8020,32080,2015,False,False,False,False,False,False,True,False,False,False,False,False,False,False,False,False,True,False,False,False,False,False,True,False,False,False,False,True,False,True,False,False,False,True,False,False,True,False,True,False,False,False,False,False,True,False,False,False,False,False,False,True,False,False,True,False,True,False,2010,2,2015,1
129,30,150181,2000,927.23,450730,51500,0,1,1,3,74360,13520,6760,54080,2009,False,False,False,False,False,False,False,False,False,False,False,True,False,False,True,False,False,False,False,False,False,True,False,False,False,False,True,False,True,False,False,False,True,False,False,False,True,False,False,False,True,False,False,False,True,False,False,False,False,False,False,True,True,False,False,False,True,False,2007,5,2015,1
140,31,388671,2000,1554.86,608758,59000,0,1,1,2,6120,680,680,4760,2002,False,False,False,False,False,False,True,False,False,False,False,False,False,False,False,False,True,False,False,False,False,False,False,True,False,False,True,False,False,False,True,False,True,False,False,True,False,False,False,True,False,False,False,True,False,False,False,False,True,False,False,False,False,False,False,True,True,False,1997,5,2015,2
419,53,457244,2000,736.07,445339,45700,0,4,0,0,62280,5190,10380,46710,2012,False,False,False,False,False,False,False,False,False,False,False,True,False,False,True,False,False,False,False,False,False,True,False,False,False,False,False,True,False,True,False,False,False,True,False,True,False,False,True,False,False,False,False,False,True,False,True,False,False,False,False,False,False,False,True,False,False,True,1998,1,2015,2
315,44,206667,1000,974.16,438328,0,-56800,3,1,0,26730,4860,4860,17010,2006,False,False,False,False,False,False,False,False,False,False,False,False,False,True,True,False,False,False,True,False,False,False,False,False,False,False,True,False,False,True,False,False,False,True,False,False,True,False,True,False,False,False,False,True,False,False,False,False,False,False,True,False,True,False,False,False,True,False,1993,5,2015,2
72,29,745200,500,973.8,479913,0,-85900,1,1,0,66200,6620,6620,52960,2013,False,False,False,False,True,False,False,False,False,False,False,False,False,False,False,False,True,False,False,False,False,False,False,True,True,False,False,False,False,True,False,True,False,False,True,False,False,False,False,False,True,False,False,False,True,True,False,False,False,False,False,False,False,True,False,False,True,False,1994,8,2015,1
32,26,412703,2000,1260.32,460760,0,-79800,1,1,2,45500,9100,4550,31850,2009,False,False,False,False,False,False,False,False,False,False,False,False,True,False,False,False,True,False,False,False,False,False,True,False,False,True,False,False,False,True,False,False,True,False,False,False,True,False,False,False,True,False,True,False,False,False,False,False,True,False,False,False,False,False,True,False,False,True,2014,11,2015,2
230,41,736771,1000,1464.03,444797,0,0,3,2,0,53040,4420,4420,44200,2006,False,True,False,False,False,False,False,False,False,False,False,False,False,False,False,True,False,False,True,False,False,False,False,False,True,False,False,False,False,True,False,False,True,False,False,True,False,False,True,False,False,False,True,False,False,False,False,False,True,False,False,False,False,False,True,False,False,True,1991,12,2015,2
157,32,347984,2000,617.11,436711,0,-54100,3,1,2,50800,10160,5080,35560,2013,False,False,False,False,False,False,False,False,True,False,False,False,False,False,False,False,True,False,False,False,False,False,True,False,False,False,True,False,False,True,False,True,False,False,True,False,False,False,True,False,False,False,True,False,False,False,True,False,False,False,False,False,True,False,False,False,False,True,2009,10,2015,1
265,41,626074,2000,1724.46,432491,81800,0,3,1,3,44200,4420,4420,35360,2014,False,True,False,False,False,False,False,False,False,False,False,False,False,False,False,True,False,False,False,False,False,True,False,False,False,False,False,True,False,True,False,False,True,False,False,False,True,False,True,False,False,False,False,True,False,True,False,False,False,False,False,False,False,False,True,False,True,False,1997,9,2015,1
47,34,218109,500,1161.31,617527,64800,-24300,1,1,3,62920,11440,5720,45760,2012,False,False,False,True,False,False,False,False,False,False,False,False,False,False,True,False,False,False,False,False,False,True,False,False,False,False,False,True,False,False,True,False,True,False,False,True,False,False,False,False,True,False,False,False,True,False,False,False,False,False,False,True,True,False,False,False,True,False,2003,12,2015,1
113,29,999435,2000,1091.73,601213,36100,-42300,3,0,2,49950,5550,5550,38850,2004,False,False,False,False,False,False,False,False,False,True,False,False,False,False,False,False,True,False,True,False,False,False,False,False,False,False,True,False,False,True,False,False,False,True,False,True,False,False,True,False,False,False,False,True,False,False,False,False,False,False,False,True,False,True,False,False,False,True,2008,1,2015,1
289,46,858060,2000,1209.07,604138,0,0,1,0,1,56430,6270,6270,43890,1995,False,False,True,False,False,False,False,False,False,False,False,False,False,False,True,False,False,True,False,False,False,False,False,False,True,False,False,False,False,False,True,False,False,True,False,True,False,False,False,False,True,False,False,True,False,False,False,False,True,False,False,False,False,True,False,False,False,True,2004,5,2015,2
254,41,500384,2000,1241.04,431361,0,0,1,2,2,100210,18220,18220,63770,2014,False,True,False,False,False,False,False,False,False,False,False,False,False,False,True,False,False,False,True,False,False,False,False,False,False,False,False,True,True,False,False,False,False,True,False,True,False,False,False,False,True,False,False,True,False,False,False,False,False,False,True,False,True,False,False,False,True,False,2013,12,2015,1
115,30,903785,500,1757.21,477695,46400,0,3,1,0,49140,5460,5460,38220,2007,False,False,False,False,False,True,False,False,False,False,False,False,False,False,False,False,True,False,True,False,False,False,False,False,False,True,False,False,True,False,False,False,False,True,False,True,False,False,True,False,False,False,False,False,True,False,False,True,False,False,False,False,True,False,False,False,False,True,2000,8,2015,2
236,38,873859,1000,802.24,612597,0,-62500,1,0,1,66840,16710,5570,44560,2014,False,False,False,False,False,False,False,False,True,False,False,False,False,False,False,False,True,False,False,False,False,False,False,True,True,False,False,False,True,False,False,False,True,False,True,False,False,False,False,False,True,False,False,True,False,False,True,False,False,False,False,False,False,False,True,False,True,False,1992,10,2015,2
7,21,204294,1000,1342.72,445638,0,-45300,1,1,2,62460,6940,6940,48580,2003,False,False,False,False,False,False,True,False,False,False,False,False,False,False,False,True,False,False,True,False,False,False,False,False,False,False,True,False,False,True,False,False,True,False,False,False,True,False,False,False,True,False,False,False,True,True,False,False,False,False,False,False,True,False,False,False,False,True,1991,11,2015,2
208,36,467106,2000,1209.41,476185,0,0,3,0,1,62810,11420,11420,39970,1999,False,False,False,False,False,False,False,False,False,True,False,False,False,False,False,False,True,False,True,False,False,False,False,False,False,False,True,False,False,False,True,False,True,False,False,False,True,False,True,False,False,False,True,False,False,False,False,False,True,False,False,False,False,False,True,False,False,True,1995,10,2015,2
126,33,357713,1000,1141.71,435995,36700,-73400,1,1,2,54160,6770,6770,40620,2009,False,False,False,False,False,False,False,False,False,False,False,True,False,False,False,False,True,False,False,False,False,False,False,True,True,False,False,False,False,False,True,False,True,False,True,False,False,False,False,False,True,False,False,False,True,False,False,False,True,False,False,False,True,False,False,False,True,False,2007,10,2015,1
48,35,890026,500,1090.03,430232,0,-51000,1,0,2,48400,9680,4840,33880,2005,False,False,False,False,False,False,False,False,False,False,True,False,False,False,True,False,False,False,False,False,False,False,False,True,True,False,False,False,False,False,True,True,False,False,True,False,False,False,False,False,True,False,True,False,False,False,False,False,True,False,False,False,False,True,False,False,True,False,2008,5,2015,1
297,48,751612,1000,1464.73,443861,54900,-36700,3,0,0,51480,5720,5720,40040,2013,False,False,False,False,False,False,False,False,False,False,False,False,True,False,False,True,False,False,True,False,False,False,False,False,False,True,False,False,False,True,False,True,False,False,False,False,True,False,True,False,False,False,False,True,False,False,False,False,False,False,False,True,False,False,True,False,False,True,2009,6,2015,1
160,36,876680,1000,1118.58,460801,0,-36600,3,2,1,51700,5170,10340,36190,2003,False,False,False,False,False,False,False,False,False,False,True,False,False,False,False,False,True,False,True,False,False,False,False,False,False,True,False,False,True,False,False,True,False,False,False,False,True,False,True,False,False,False,True,False,False,False,False,True,False,False,False,False,False,True,False,False,True,False,2012,5,2015,1
406,58,756981,2000,1117.04,605121,0,-42700,3,1,2,65520,10920,5460,49140,2009,False,False,False,False,False,False,False,False,False,False,False,False,False,True,False,False,True,False,False,False,False,False,False,True,False,False,True,False,False,True,False,False,True,False,False,False,True,False,True,False,False,False,False,True,False,False,False,False,False,True,False,False,True,False,False,False,False,True,2003,10,2015,1
157,31,121439,500,1257.83,458622,40700,-41600,4,2,2,47700,4770,9540,33390,2011,True,False,False,False,False,False,False,False,False,False,False,False,False,False,False,True,False,False,False,True,False,False,False,False,False,False,True,False,True,False,False,True,False,False,True,False,False,False,True,False,False,False,False,False,True,False,False,True,False,False,False,False,False,True,False,False,False,True,1990,8,2015,2
146,31,411289,2000,1082.72,478661,61400,-57500,1,2,0,5220,580,580,4060,2015,True,False,False,False,False,False,False,False,False,False,False,False,False,False,False,False,True,False,False,False,False,True,False,False,False,False,True,False,False,False,True,True,False,False,False,True,False,False,False,False,False,True,False,True,False,False,False,False,False,False,False,True,False,False,False,True,True,False,1997,9,2015,1
409,57,538466,1000,1191.8,435299,55600,0,1,1,0,73320,6110,12220,54990,2012,False,False,False,False,False,True,False,False,False,False,False,False,False,False,False,True,False,False,True,False,False,False,False,False,False,False,True,False,True,False,False,False,True,False,True,False,False,False,False,False,True,False,True,False,False,False,False,True,False,False,False,False,False,False,True,False,False,True,1995,7,2015,1
252,46,932097,1000,1242.02,601961,0,-28800,1,0,2,74900,14980,7490,52430,2003,False,False,False,False,False,False,False,True,False,False,False,False,False,False,False,True,False,False,False,False,False,False,True,False,False,True,False,False,False,False,True,False,False,True,False,True,False,False,False,False,True,False,True,False,False,False,False,False,False,False,True,False,True,False,False,False,False,True,2005,9,2015,2
6,27,463727,500,1075.71,604328,0,-47400,1,0,1,3190,580,290,2320,2015,False,False,False,False,False,False,False,False,False,False,True,False,False,False,False,False,True,False,False,False,False,False,False,True,False,False,False,True,False,True,False,False,False,True,False,False,False,True,False,False,False,True,False,True,False,False,False,True,False,False,False,False,False,False,False,True,True,False,1992,8,2015,2
103,33,552618,1000,969.88,614385,0,0,1,1,0,76920,12820,6410,57690,2002,False,False,False,True,False,False,False,False,False,False,False,False,False,False,False,True,False,False,True,False,False,False,False,False,True,False,False,False,True,False,False,False,False,True,False,True,False,False,False,False,True,False,True,False,False,False,False,False,False,True,False,False,False,True,False,False,False,True,1993,1,2015,1
369,53,936638,2000,1459.93,438584,0,0,2,1,3,77990,7090,14180,56720,2012,False,False,False,False,False,False,False,True,False,False,False,False,False,False,False,False,True,False,False,False,False,False,False,True,False,False,False,True,False,False,True,True,False,False,False,False,True,False,True,False,False,False,False,True,False,False,False,False,False,False,True,False,True,False,False,False,True,False,1995,5,2015,2
261,46,348814,1000,1245.61,478703,0,0,1,1,0,59670,9180,9180,41310,2008,False,False,False,False,False,True,False,False,False,False,False,False,False,False,True,False,False,False,True,False,False,False,False,False,False,True,False,False,False,False,True,False,True,False,False,False,True,False,False,False,True,False,False,False,True,False,False,False,False,True,False,False,True,False,False,False,False,True,1992,9,2015,2
159,33,944102,2000,1462.76,615683,69200,-36900,3,2,0,44880,8160,4080,32640,2004,False,False,False,False,False,False,False,False,True,False,False,False,False,False,False,True,False,False,True,False,False,False,False,False,True,False,False,False,False,False,True,True,False,False,True,False,False,False,True,False,False,False,True,False,False,False,True,False,False,False,False,False,False,True,False,False,True,False,2007,7,2015,2
344,51,689901,2000,1398.46,455672,0,0,1,0,2,82830,7530,15060,60240,2004,False,True,False,False,False,False,False,False,False,False,False,False,False,False,False,True,False,True,False,False,False,False,False,False,True,False,False,False,False,True,False,True,False,False,False,True,False,False,False,False,True,False,True,False,False,True,False,False,False,False,False,False,False,False,True,False,False,True,1992,4,2015,2
437,60,901083,1000,1269.64,602942,48800,0,1,1,3,84480,7680,15360,61440,2012,False,False,False,True,False,False,False,False,False,False,False,False,False,False,False,False,True,False,False,False,False,True,False,False,False,False,True,False,True,False,False,True,False,False,False,True,False,False,False,False,True,False,False,False,True,False,True,False,False,False,False,False,True,False,False,False,True,False,1998,1,2015,2
65,30,396224,500,1455.65,616706,0,-66300,3,2,3,79800,15960,7980,55860,1999,False,False,False,False,False,False,True,False,False,False,False,False,False,False,False,True,False,False,False,False,False,False,False,True,False,True,False,False,False,True,False,True,False,False,False,False,True,False,True,False,False,False,True,False,False,False,True,False,False,False,False,False,False,False,True,False,True,False,2009,9,2015,2
280,41,682178,2000,1140.31,473243,29300,-64700,3,0,3,53020,9640,9640,33740,1999,False,False,False,False,False,False,False,False,False,False,False,False,True,False,False,False,True,False,False,False,False,False,False,True,False,False,False,True,False,True,False,False,False,True,False,True,False,False,True,False,False,False,False,False,True,False,False,False,False,True,False,False,False,True,False,False,False,True,1994,12,2015,2
269,45,596298,500,1330.46,435552,54800,-64100,3,0,0,24200,2200,4400,17600,2008,False,False,False,False,False,False,False,False,False,False,False,True,False,False,False,True,False,False,False,False,False,False,True,False,False,False,False,True,False,True,False,True,False,False,False,False,True,False,True,False,False,False,False,False,True,False,False,True,False,False,False,False,False,False,True,False,True,False,1996,8,2015,1
275,40,253005,2000,1190.6,434206,0,-45300,1,1,3,43230,7860,7860,27510,2001,False,False,False,True,False,False,False,False,False,False,False,False,False,False,False,False,True,False,False,True,False,False,False,False,False,True,False,False,False,True,False,False,False,True,False,True,False,False,False,False,True,False,False,True,False,False,False,False,False,False,True,False,False,True,False,False,False,True,1991,11,2015,1
265,45,985924,500,972.5,469895,0,0,1,2,3,3190,290,580,2320,1995,False,False,False,False,False,True,False,False,False,False,False,False,False,False,False,False,True,True,False,False,False,False,False,False,False,False,True,False,True,False,False,True,False,False,False,False,False,True,False,False,False,True,False,True,False,False,True,False,False,False,False,False,False,False,False,True,True,False,1998,10,2015,1
283,43,631565,2000,1161.91,457722,0,-50400,1,0,3,5850,1300,650,3900,2006,False,False,True,False,False,False,False,False,False,False,False,False,False,False,False,True,False,False,False,False,False,False,False,True,False,False,True,False,False,True,False,True,False,False,False,True,False,False,False,True,False,False,True,False,False,True,False,False,False,False,False,False,False,False,False,True,True,False,1997,7,2015,1
84,29,630998,1000,1117.17,473645,0,-29900,1,2,0,6820,620,1240,4960,2005,False,False,True,False,False,False,False,False,False,False,False,False,False,False,False,False,True,False,False,False,False,True,False,False,False,False,False,True,False,False,True,False,False,True,False,False,False,True,False,True,False,False,False,True,False,False,False,True,False,False,False,False,False,False,False,True,True,False,2003,4,2015,2
247,44,926665,2000,1101.51,619108,64000,0,3,2,2,69480,11580,11580,46320,2008,False,False,False,True,False,False,False,False,False,False,False,False,False,False,False,False,True,False,True,False,False,False,False,False,False,True,False,False,True,False,False,True,False,False,False,True,False,False,True,False,False,False,False,True,False,False,True,False,False,False,False,False,True,False,False,False,True,False,1992,2,2015,2
56,29,302669,1000,1523.17,610479,0,0,3,1,2,94560,7880,15760,70920,1995,False,False,False,False,False,False,False,True,False,False,False,False,False,False,True,False,False,False,False,False,True,False,False,False,False,True,False,False,False,True,False,False,False,True,True,False,False,False,True,False,False,False,True,False,False,False,False,False,False,False,True,False,True,False,False,False,False,True,2006,6,2015,2
210,39,620020,1000,984.45,474998,0,0,1,1,2,7800,780,780,6240,1997,False,False,False,False,True,False,False,False,False,False,False,False,False,False,False,False,True,True,False,False,False,False,False,False,False,False,True,False,False,False,True,False,True,False,False,True,False,False,False,False,False,True,False,False,True,True,False,False,False,False,False,False,False,False,False,True,False,True,1997,6,2015,1
108,32,439828,2000,1257.0,616341,63900,-43700,1,1,3,61270,5570,11140,44560,1999,False,False,False,False,False,False,False,False,False,False,False,True,False,False,False,False,True,False,False,False,False,False,False,True,False,False,True,False,True,False,False,True,False,False,False,False,True,False,False,False,True,False,False,False,True,False,False,True,False,False,False,False,True,False,False,False,True,False,2006,9,2015,1
328,49,971295,500,1434.51,460535,0,0,1,0,2,71440,8930,8930,53580,2005,False,False,False,False,False,False,False,False,True,False,False,False,False,False,False,False,True,False,True,False,False,False,False,False,False,False,False,True,False,True,False,False,False,True,False,False,True,False,False,False,True,False,False,False,True,False,False,False,False,False,True,False,False,True,False,False,True,False,2001,10,2015,2
186,37,165565,2000,1628.0,606487,0,0,1,1,2,55600,11120,5560,38920,2009,False,False,False,False,False,False,False,True,False,False,False,False,False,False,False,False,True,False,True,False,False,False,False,False,True,False,False,False,False,False,True,False,False,True,False,False,True,False,False,False,True,False,False,True,False,False,False,False,True,False,False,False,False,True,False,False,True,False,2009,2,2015,1
277,44,936543,500,1412.31,620737,0,0,1,1,3,5000,1000,500,3500,2005,False,False,False,False,False,False,False,True,False,False,False,False,False,False,False,True,False,True,False,False,False,False,False,False,False,False,False,True,True,False,False,True,False,False,False,False,False,True,False,False,False,True,False,False,True,False,False,True,False,False,False,False,False,False,False,True,False,True,2001,6,2015,2
138,33,296960,500,1362.87,445904,56900,-56900,1,2,0,95810,14740,14740,66330,2007,False,False,True,False,False,False,False,False,False,False,False,False,False,False,True,False,False,False,True,False,False,False,False,False,False,False,True,False,True,False,False,False,True,False,False,True,False,False,False,False,True,False,False,True,False,False,False,False,True,False,False,False,False,False,True,False,True,False,1997,1,2015,2
208,41,501692,1000,1134.68,464145,0,0,1,2,2,69300,6930,13860,48510,1996,False,False,False,False,False,False,False,False,False,False,False,False,False,True,False,True,False,False,False,False,False,True,False,False,True,False,False,False,True,False,False,False,True,False,True,False,False,False,False,False,True,False,True,False,False,False,True,False,False,False,False,False,False,True,False,False,True,False,2014,6,2015,1
147,37,525224,1000,1306.78,466818,0,0,1,1,0,81120,13520,20280,47320,1995,False,False,False,False,False,False,False,False,False,False,False,False,True,False,False,True,False,False,False,False,False,True,False,False,True,False,False,False,False,True,False,True,False,False,False,False,True,False,False,False,True,False,False,True,False,False,False,False,False,True,False,False,True,False,False,False,False,True,1992,10,2015,1
8,21,355085,500,1021.9,464237,0,0,1,0,0,91260,14040,14040,63180,2012,False,False,False,False,False,False,False,False,False,False,False,False,True,False,False,True,False,False,False,False,False,False,False,True,False,False,True,False,False,True,False,False,True,False,True,False,False,False,False,False,True,False,False,False,True,False,False,True,False,False,False,False,True,False,False,False,False,True,2012,10,2015,2
297,48,830729,1000,1538.6,618455,0,-54700,1,0,0,60600,6060,12120,42420,2004,False,False,False,False,False,True,False,False,False,False,False,False,False,False,False,True,False,False,False,False,False,True,False,False,False,True,False,False,False,True,False,False,True,False,False,True,False,False,False,False,True,False,True,False,False,False,False,False,False,True,False,False,False,False,True,False,True,False,1993,2,2015,1
150,31,651948,1000,1354.5,456602,52800,0,3,0,3,64800,6480,12960,45360,2000,False,False,False,False,False,False,False,False,False,False,False,True,False,False,False,True,False,False,True,False,False,False,False,False,True,False,False,False,False,True,False,False,False,True,True,False,False,False,True,False,False,False,False,False,True,False,False,False,False,False,True,False,True,False,False,False,False,True,1994,9,2015,1
4,34,424358,500,1282.93,616126,0,0,4,0,0,66880,6080,12160,48640,1996,False,False,False,True,False,False,False,False,False,False,False,False,False,False,False,False,True,False,False,False,False,False,False,True,False,False,False,True,False,True,False,False,True,False,True,False,False,False,True,False,False,False,False,False,True,False,True,False,False,False,False,False,False,False,True,False,True,False,2003,5,2015,2
210,35,131478,1000,1346.27,468508,44900,-91400,1,0,2,58200,5820,5820,46560,2013,False,False,True,False,False,False,False,False,False,False,False,False,False,False,True,False,False,False,False,False,False,False,False,True,True,False,False,False,True,False,False,False,True,False,False,False,True,False,False,False,True,False,False,False,True,False,False,False,False,False,True,False,True,False,False,False,False,True,1991,12,2015,1
91,31,268833,1000,1338.4,431937,63600,0,1,1,0,60570,6730,6730,47110,2011,False,False,False,False,False,False,False,False,False,True,False,False,False,False,False,True,False,True,False,False,False,False,False,False,False,False,False,True,False,True,False,True,False,False,False,True,False,False,False,False,True,False,True,False,False,False,False,True,False,False,False,False,False,False,True,False,True,False,1999,9,2015,2
167,36,287489,1000,949.44,448603,0,-38400,3,0,0,69680,8710,8710,52260,2008,False,False,False,False,False,False,False,False,True,False,False,False,False,False,True,False,False,True,False,False,False,False,False,False,True,False,False,False,False,True,False,True,False,False,True,False,False,False,True,False,False,False,True,False,False,False,False,False,False,False,True,False,False,True,False,False,True,False,1994,2,2015,1
467,58,808153,2000,977.4,444500,82200,0,1,2,3,55700,5570,11140,38990,2014,False,False,False,False,False,False,False,False,False,True,False,False,False,False,False,True,False,False,True,False,False,False,False,False,False,True,False,False,False,False,True,True,False,False,False,False,True,False,False,False,True,False,False,False,True,False,False,False,False,False,True,False,True,False,False,False,False,True,2003,1,2015,1
264,47,687639,2000,1181.46,601117,0,-67400,4,1,2,62370,5670,5670,51030,2001,False,False,False,False,True,False,False,False,False,False,False,False,False,False,False,True,False,False,False,True,False,False,False,False,True,False,False,False,False,False,True,False,False,True,False,False,True,False,True,False,False,False,False,True,False,False,False,False,True,False,False,False,True,False,False,False,True,False,2005,3,2015,2
270,45,497347,500,1187.53,615383,83200,-53300,3,0,0,54340,9880,0,44460,2005,False,False,False,False,False,False,False,False,False,False,True,False,False,False,False,False,True,False,False,False,False,False,True,False,False,False,True,False,False,True,False,False,False,True,False,False,True,False,True,False,False,False,False,False,True,False,False,False,False,False,False,True,False,False,True,False,True,False,2003,8,2015,2
310,48,439660,1000,845.16,434342,0,0,1,1,0,55170,6130,6130,42910,2005,False,True,False,False,False,False,False,False,False,False,False,False,False,False,False,False,True,True,False,False,False,False,False,False,False,False,False,True,False,False,True,True,False,False,True,False,False,False,False,False,True,False,True,False,False,False,False,False,False,False,True,False,True,False,False,False,True,False,2002,7,2015,2
143,34,847123,500,1442.27,435100,67900,0,1,2,3,58500,11700,5850,40950,1999,False,False,False,False,True,False,False,False,False,False,False,False,False,False,True,False,False,False,True,False,False,False,False,False,False,False,True,False,False,True,False,False,False,True,False,True,False,False,False,False,True,False,True,False,False,False,True,False,False,False,False,False,True,False,False,False,False,True,2014,3,2015,2
146,32,172307,2000,1276.43,431278,0,0,1,0,3,59940,6660,6660,46620,1995,False,False,False,False,False,False,True,False,False,False,False,False,False,False,False,False,True,True,False,False,False,False,False,False,False,True,False,False,False,True,False,False,True,False,True,False,False,False,False,False,True,False,True,False,False,True,False,False,False,False,False,False,False,True,False,False,False,True,1993,12,2015,2
102,28,810189,500,1075.41,445648,55200,0,1,1,0,73400,7340,7340,58720,1996,False,False,False,False,True,False,False,False,False,False,False,False,False,False,False,False,True,False,False,False,True,False,False,False,False,False,False,True,True,False,False,True,False,False,False,False,True,False,False,False,True,False,False,True,False,False,False,False,False,True,False,False,False,False,True,False,False,True,1999,8,2015,2
61,23,432068,500,1111.72,448857,54600,0,1,1,2,41850,4650,4650,32550,1997,False,False,False,False,False,False,False,False,False,False,False,True,False,False,True,False,False,False,False,False,True,False,False,False,False,True,False,False,False,True,False,False,True,False,True,False,False,False,False,False,True,False,True,False,False,False,False,False,True,False,False,False,False,False,True,False,False,True,2007,3,2015,2
255,44,903203,2000,814.96,435267,68500,0,1,2,2,6400,640,1280,4480,2005,False,False,False,False,False,False,False,False,True,False,False,False,False,False,False,False,True,True,False,False,False,False,False,False,False,False,False,True,False,True,False,True,False,False,False,False,False,True,False,True,False,False,False,False,True,False,False,False,False,False,False,True,False,False,False,True,True,False,2004,1,2015,2
211,40,253085,1000,1575.86,461275,0,0,1,1,1,3190,580,290,2320,2004,False,True,False,False,False,False,False,False,False,False,False,False,False,False,True,False,False,False,False,False,False,False,False,True,False,False,False,True,True,False,False,True,False,False,False,False,False,True,False,False,False,True,False,False,True,False,False,False,False,False,False,True,False,False,False,True,True,False,1991,4,2015,1
61,29,180720,1000,1115.27,613816,0,-66000,1,2,1,5900,590,590,4720,2010,False,False,False,False,False,False,False,False,False,True,False,False,False,False,False,True,False,False,False,False,False,False,True,False,False,False,True,False,False,False,True,False,False,True,False,False,False,True,False,True,False,False,False,True,False,False,False,False,True,False,False,False,False,False,False,True,False,True,1995,3,2015,1
108,31,492224,2000,1175.7,608767,0,0,1,0,2,57330,6370,6370,44590,2006,False,False,False,False,True,False,False,False,False,False,False,False,False,False,False,True,False,False,True,False,False,False,False,False,False,True,False,False,True,False,False,True,False,False,False,False,True,False,False,False,True,False,False,False,True,False,False,False,False,False,True,False,False,True,False,False,False,True,2005,12,2015,2
303,50,411477,500,793.15,620869,54600,-45500,3,0,3,81960,13660,13660,54640,2008,False,False,False,False,True,False,False,False,False,False,False,False,False,False,False,False,True,False,False,False,False,False,False,True,False,False,True,False,True,False,False,True,False,False,False,False,True,False,True,False,False,False,True,False,False,False,False,False,False,True,False,False,True,False,False,False,False,True,2001,12,2015,1
152,33,107181,500,942.51,478981,0,0,1,0,0,70400,6400,19200,44800,2001,False,False,False,False,False,False,False,False,False,False,False,True,False,False,False,True,False,False,False,False,False,True,False,False,False,True,False,False,False,False,True,False,True,False,True,False,False,False,False,False,True,False,False,True,False,False,False,False,False,False,False,True,False,False,True,False,True,False,1999,11,2015,1
120,34,312940,1000,1056.71,464630,77900,0,1,2,1,3770,580,580,2610,2002,False,False,False,False,False,False,False,True,False,False,False,False,False,False,False,True,False,False,False,False,False,False,True,False,False,False,True,False,True,False,False,False,True,False,False,True,False,False,False,True,False,False,False,False,True,False,False,False,True,False,False,False,False,False,False,True,True,False,2001,10,2015,1
144,36,855186,2000,1255.68,466303,23600,-15600,1,0,0,7400,740,1480,5180,2014,False,False,False,False,True,False,False,False,False,False,False,False,False,False,False,True,False,True,False,False,False,False,False,False,False,False,True,False,True,False,False,False,True,False,False,True,False,False,False,True,False,False,False,False,True,True,False,False,False,False,False,False,False,False,False,True,True,False,1993,10,2015,2
414,52,373935,500,1335.13,452647,44000,-71000,1,1,1,54810,6090,6090,42630,1999,False,False,False,True,False,False,False,False,False,False,False,False,False,False,False,True,False,False,False,False,False,True,False,False,False,False,False,True,False,False,True,False,True,False,False,False,True,False,False,False,True,False,False,False,True,False,False,True,False,False,False,False,False,True,False,False,True,False,2003,2,2015,1
163,37,812989,500,1178.95,441370,0,-67300,1,2,3,49400,4940,9880,34580,2005,False,False,False,False,False,False,False,True,False,False,False,False,False,False,False,True,False,False,True,False,False,False,False,False,False,True,False,False,False,False,True,False,False,True,False,False,True,False,False,False,True,False,False,True,False,False,False,False,True,False,False,False,False,True,False,False,True,False,2004,3,2015,1
352,53,993840,500,1793.16,619166,0,0,1,2,2,68750,12500,6250,50000,2009,False,False,False,True,False,False,False,False,False,False,False,False,False,False,True,False,False,True,False,False,False,False,False,False,False,True,False,False,False,False,True,True,False,False,False,True,False,False,False,False,True,False,False,True,False,True,False,False,False,False,False,False,True,False,False,False,False,True,2013,7,2015,1
27,32,327856,500,1008.38,472803,37900,0,1,1,0,61500,12300,6150,43050,2013,False,False,False,False,True,False,False,False,False,False,False,False,False,False,False,False,True,False,False,False,False,True,False,False,True,False,False,False,True,False,False,False,True,False,False,False,True,False,False,False,True,False,True,False,False,False,False,False,False,False,False,True,True,False,False,False,True,False,2014,8,2015,2
239,39,506333,500,1396.83,442308,0,0,4,0,3,76890,6990,13980,55920,2007,False,False,True,False,False,False,False,False,False,False,False,False,False,False,True,False,False,False,False,False,False,False,False,True,True,False,False,False,False,True,False,True,False,False,True,False,False,False,True,False,False,False,True,False,False,False,False,False,False,False,True,False,False,True,False,False,True,False,1990,6,2015,1
33,32,263159,500,1402.78,469383,70300,-50300,1,0,1,56070,6230,12460,37380,2012,False,False,False,False,False,False,False,False,False,False,False,False,True,False,False,False,True,False,True,False,False,False,False,False,True,False,False,False,False,False,True,False,True,False,False,True,False,False,False,False,True,False,True,False,False,False,False,False,False,False,False,True,False,True,False,False,True,False,2008,3,2015,2
88,30,372912,1000,1437.88,614383,42800,-51200,1,2,0,56000,14000,0,42000,2003,False,False,False,True,False,False,False,False,False,False,False,False,False,False,False,True,False,False,False,False,False,True,False,False,False,True,False,False,True,False,False,False,False,True,False,False,True,False,False,False,True,False,True,False,False,False,True,False,False,False,False,False,False,False,True,False,True,False,1992,8,2015,2
101,33,552788,1000,1313.64,438617,12100,0,1,1,0,4290,780,390,3120,1997,False,True,False,False,False,False,False,False,False,False,False,False,False,False,True,False,False,False,True,False,False,False,False,False,False,False,True,False,False,False,True,True,False,False,False,False,False,True,False,True,False,False,False,False,True,False,True,False,False,False,False,False,False,False,False,True,True,False,1991,9,2015,2
20,37,722747,500,1482.14,613936,33000,-43600,3,2,1,60750,6750,6750,47250,2003,False,False,False,False,False,False,False,False,False,False,False,True,False,False,True,False,False,False,True,False,False,False,False,False,False,False,True,False,False,True,False,True,False,False,False,False,True,False,True,False,False,False,False,True,False,True,False,False,False,False,False,False,False,True,False,False,True,False,2011,9,2015,2
126,30,248467,2000,1171.75,472163,46500,-42700,1,2,3,48730,4430,4430,39870,2011,False,False,False,True,False,False,False,False,False,False,False,False,False,False,True,False,False,False,True,False,False,False,False,False,False,False,True,False,False,True,False,True,False,False,False,True,False,False,False,False,True,False,False,True,False,True,False,False,False,False,False,False,False,False,True,False,True,False,2012,10,2015,1
264,43,955953,2000,1353.33,447458,0,-8500,3,2,0,95150,17300,17300,60550,2007,False,False,False,False,False,True,False,False,False,False,False,False,False,False,True,False,False,False,False,False,False,False,False,True,False,False,False,True,False,False,True,True,False,False,False,True,False,False,True,False,False,False,False,False,True,True,False,False,False,False,False,False,True,False,False,False,False,True,2014,1,2015,2
78,24,910622,500,1175.51,474792,0,0,1,0,1,7480,680,680,6120,2003,False,False,False,False,True,False,False,False,False,False,False,False,False,False,False,True,False,False,True,False,False,False,False,False,False,False,False,True,False,True,False,False,False,True,False,True,False,False,False,False,False,True,True,False,False,False,False,False,False,False,True,False,False,False,False,True,False,True,1992,3,2015,1
123,28,137675,2000,1836.02,470559,38000,-41200,1,2,1,79800,13300,6650,59850,2011,False,False,False,False,False,False,False,False,False,False,False,False,False,True,True,False,False,True,False,False,False,False,False,False,True,False,False,False,False,True,False,False,False,True,True,False,False,False,False,False,True,False,True,False,False,False,False,False,False,False,True,False,False,False,True,False,False,True,2012,12,2015,1
347,51,343421,500,1480.79,432399,0,-12100,1,0,2,103560,8630,17260,77670,1997,False,False,False,False,False,False,False,True,False,False,False,False,False,False,False,False,True,True,False,False,False,False,False,False,False,False,True,False,False,False,True,False,True,False,False,False,True,False,False,False,True,False,False,False,True,False,False,False,False,True,False,False,False,False,True,False,True,False,1996,10,2015,1
163,38,413192,2000,1453.92,607605,51700,0,1,2,3,79500,15900,7950,55650,1995,True,False,False,False,False,False,False,False,False,False,False,False,False,False,False,True,False,False,True,False,False,False,False,False,True,False,False,False,False,False,True,False,True,False,False,True,False,False,False,False,True,False,False,False,True,False,False,False,False,False,False,True,False,False,True,False,True,False,1997,10,2015,2
271,44,247801,500,1340.71,600153,0,0,1,2,2,76230,6930,13860,55440,1997,False,False,False,False,False,False,False,False,False,False,False,False,False,True,False,False,True,False,False,False,False,True,False,False,False,False,True,False,True,False,False,True,False,False,False,True,False,False,False,False,True,False,False,True,False,False,False,True,False,False,False,False,False,True,False,False,True,False,2008,3,2015,2
410,54,171147,2000,714.03,465979,0,-17000,1,0,2,59520,9920,9920,39680,2001,False,False,False,False,False,False,True,False,False,False,False,False,False,False,True,False,False,False,False,False,False,False,False,True,True,False,False,False,False,False,True,True,False,False,False,True,False,False,False,False,True,False,True,False,False,False,False,False,False,True,False,False,False,False,True,False,False,True,2010,8,2015,2
448,57,431283,2000,1376.16,466555,38600,-50300,3,2,1,47760,5970,5970,35820,2013,False,False,False,False,False,False,False,False,False,False,False,True,False,False,True,False,False,False,False,False,False,True,False,False,False,False,False,True,True,False,False,False,True,False,True,False,False,False,True,False,False,False,True,False,False,False,False,False,False,False,False,True,True,False,False,False,True,False,2005,3,2015,2
218,41,461962,500,914.22,444155,37900,-72900,3,2,0,84590,15380,7690,61520,2013,False,False,False,False,False,False,False,False,False,False,True,False,False,False,True,False,False,False,True,False,False,False,False,False,False,False,False,True,True,False,False,True,False,False,False,False,True,False,True,False,False,False,True,False,False,False,False,False,True,False,False,False,False,False,True,False,False,True,2013,12,2015,1
43,38,149467,1000,1601.47,465764,64400,0,3,2,2,61650,6850,6850,47950,2006,False,False,False,False,False,False,False,False,False,True,False,False,False,False,False,False,True,False,False,False,False,True,False,False,False,False,True,False,False,False,True,False,True,False,False,False,True,False,True,False,False,False,False,False,True,False,False,False,False,False,False,True,True,False,False,False,False,True,2014,3,2015,2
33,33,758740,1000,1096.79,446898,45500,-60600,1,2,1,81400,8140,8140,65120,1998,False,False,True,False,False,False,False,False,False,False,False,False,False,False,True,False,False,False,False,False,False,False,True,False,False,False,False,True,False,True,False,False,True,False,True,False,False,False,False,False,True,False,False,False,True,True,False,False,False,False,False,False,False,True,False,False,True,False,1997,8,2015,1
126,34,628337,2000,1078.22,453274,54500,0,3,0,1,58410,10620,5310,42480,2007,False,False,False,True,False,False,False,False,False,False,False,False,False,False,False,True,False,False,False,False,False,True,False,False,False,True,False,False,True,False,False,False,False,True,True,False,False,False,True,False,False,False,True,False,False,False,False,False,False,False,True,False,False,False,True,False,True,False,2007,11,2015,2
411,56,574637,1000,1595.28,479320,0,0,3,0,0,38610,3510,3510,31590,2007,False,False,False,False,False,False,False,False,False,False,False,False,False,True,True,False,False,False,False,False,False,False,True,False,True,False,False,False,False,True,False,False,True,False,True,False,False,False,True,False,False,False,False,True,False,False,True,False,False,False,False,False,False,False,True,False,True,False,1992,7,2015,1
225,37,373600,1000,1217.84,443462,49600,0,3,2,2,57600,9600,9600,38400,2015,False,False,False,False,False,False,False,False,False,False,False,False,False,True,False,False,True,False,False,False,False,False,False,True,False,True,False,False,False,True,False,True,False,False,False,True,False,False,True,False,False,False,True,False,False,False,False,True,False,False,False,False,True,False,False,False,True,False,2000,12,2015,2
35,35,930032,2000,1117.42,446158,0,-51900,3,2,2,53190,5910,11820,35460,1996,False,False,False,False,False,False,False,False,False,False,False,False,False,True,True,False,False,True,False,False,False,False,False,False,False,True,False,False,True,False,False,True,False,False,False,True,False,False,True,False,False,False,True,False,False,False,False,False,False,False,False,True,False,False,True,False,True,False,2002,9,2015,2
460,57,396590,2000,1567.37,602514,62500,0,1,2,3,58300,5830,11660,40810,2014,False,False,False,False,False,False,False,False,False,True,False,False,False,False,False,False,True,False,True,False,False,False,False,False,False,False,True,False,False,True,False,True,False,False,True,False,False,False,False,False,True,False,True,False,False,False,False,False,True,False,False,False,True,False,False,False,True,False,1997,11,2015,2
195,38,238412,2000,1294.93,477356,38000,-50300,3,1,2,64620,7180,0,57440,2003,False,False,False,False,True,False,False,False,False,False,False,False,False,False,True,False,False,False,False,False,False,False,False,True,True,False,False,False,False,False,True,True,False,False,False,True,False,False,True,False,False,False,False,False,True,False,False,False,False,True,False,False,True,False,False,False,False,True,1993,5,2015,2
360,51,484321,1000,1152.12,434669,0,-62400,3,2,0,90480,15080,15080,60320,2000,False,False,True,False,False,False,False,False,False,False,False,False,False,False,True,False,False,False,False,False,False,False,False,True,True,False,False,False,True,False,False,False,False,True,False,False,True,False,True,False,False,False,False,True,False,False,False,False,False,False,False,True,False,False,True,False,False,True,1996,7,2015,2
300,49,795847,1000,1441.21,609322,0,0,1,1,0,7080,1180,1180,4720,2001,False,False,False,False,False,False,False,False,False,True,False,False,False,False,True,False,False,False,False,False,False,True,False,False,False,False,True,False,True,False,False,True,False,False,False,False,False,True,False,False,False,True,True,False,False,False,False,False,False,False,False,True,False,False,False,True,True,False,1995,12,2015,1
245,42,218456,1000,1575.74,614265,0,-68900,1,2,2,6490,590,1180,4720,2011,False,False,False,False,False,False,False,False,False,False,False,False,True,False,True,False,False,False,False,False,True,False,False,False,False,False,False,True,False,True,False,False,True,False,False,True,False,False,False,True,False,False,False,False,True,False,False,False,True,False,False,False,False,False,False,True,False,True,2002,7,2015,2
146,36,792673,2000,1233.96,606177,34500,-60600,3,1,1,55900,5590,5590,44720,2015,False,False,False,False,False,False,False,False,False,True,False,False,False,False,False,False,True,True,False,False,False,False,False,False,False,False,False,True,True,False,False,True,False,False,False,False,True,False,True,False,False,False,False,False,True,False,False,False,False,False,True,False,False,False,True,False,True,False,2013,4,2015,2
67,29,662256,1000,1861.43,461514,60400,-67800,1,0,3,63800,6380,6380,51040,1998,False,False,False,False,False,False,False,False,False,False,True,False,False,False,True,False,False,False,False,False,False,True,False,False,False,False,True,False,True,False,False,False,False,True,True,False,False,False,False,False,True,False,False,True,False,False,False,True,False,False,False,False,False,True,False,False,False,True,1995,11,2015,1
380,56,971338,1000,1570.86,454685,66000,0,1,0,1,58160,7270,7270,43620,1996,False,False,False,False,False,False,False,False,False,False,True,False,False,False,False,False,True,False,False,False,False,False,True,False,False,False,False,True,False,True,False,False,False,True,False,False,True,False,False,False,True,False,True,False,False,False,False,False,False,True,False,False,False,False,True,False,False,True,2004,11,2015,1
389,53,714738,2000,791.47,477260,0,0,1,1,2,6300,630,1260,4410,2001,False,False,False,False,False,False,False,False,True,False,False,False,False,False,True,False,False,True,False,False,False,False,False,False,False,False,False,True,True,False,False,True,False,False,False,True,False,False,False,False,False,True,False,False,True,False,False,False,False,False,True,False,False,False,False,True,False,True,1998,3,2015,1
317,46,753844,1000,1012.78,469126,43700,0,1,2,1,104610,19020,19020,66570,1999,False,False,False,False,False,False,False,False,True,False,False,False,False,False,False,True,False,False,False,False,False,False,False,True,False,True,False,False,True,False,False,True,False,False,True,False,False,False,False,False,True,False,False,True,False,False,False,False,False,True,False,False,True,False,False,False,False,True,1999,7,2015,1
264,44,976645,500,1047.06,443402,0,0,3,0,2,69850,12700,6350,50800,1999,False,False,False,False,False,True,False,False,False,False,False,False,False,False,True,False,False,False,False,False,False,True,False,False,False,True,False,False,True,False,False,True,False,False,True,False,False,False,True,False,False,False,True,False,False,False,True,False,False,False,False,False,False,True,False,False,False,True,2010,2,2015,2
20,21,918037,1000,1390.29,479408,0,-41200,1,0,0,62900,12580,6290,44030,2006,True,False,False,False,False,False,False,False,False,False,False,False,False,False,False,False,True,False,False,False,True,False,False,False,False,True,False,False,True,False,False,False,True,False,False,True,False,False,False,False,True,False,False,True,False,False,False,False,False,False,True,False,False,True,False,False,True,False,2005,1,2015,1
116,30,996253,500,951.46,467227,0,-35500,3,0,3,59670,6630,6630,46410,2004,False,False,False,False,False,False,False,False,False,False,False,False,False,True,False,True,False,False,False,False,False,False,False,True,False,False,True,False,True,False,False,False,True,False,True,False,False,False,True,False,False,False,False,False,True,False,False,False,True,False,False,False,True,False,False,False,False,True,2001,11,2015,1
222,40,373731,1000,1226.78,468433,49600,-49200,2,2,0,81500,16300,8150,57050,2013,False,False,True,False,False,False,False,False,False,False,False,False,False,False,True,False,False,False,True,False,False,False,False,False,False,False,True,False,False,False,True,False,True,False,False,True,False,False,True,False,False,False,True,False,False,False,False,False,True,False,False,False,False,True,False,False,False,True,2012,12,2015,1
439,56,836272,500,1280.9,604289,48900,-40900,1,2,0,50000,15000,5000,30000,2009,False,False,False,False,False,False,False,True,False,False,False,False,False,False,False,False,True,True,False,False,False,False,False,False,True,False,False,False,True,False,False,False,True,False,False,True,False,False,False,False,True,False,True,False,False,False,False,True,False,False,False,False,False,True,False,False,False,True,1997,5,2015,1
66,28,167231,2000,1472.77,471366,0,-31700,1,2,1,48290,8780,8780,30730,1995,False,False,False,False,False,False,False,False,False,True,False,False,False,False,False,True,False,False,True,False,False,False,False,False,False,False,True,False,False,True,False,False,True,False,False,False,True,False,False,False,True,False,True,False,False,True,False,False,False,False,False,False,True,False,False,False,False,True,1994,1,2015,2
128,29,743330,1000,1878.44,450746,0,-76000,1,0,0,59070,5370,5370,48330,2003,False,False,False,True,False,False,False,False,False,False,False,False,False,False,False,False,True,False,False,False,False,False,True,False,False,True,False,False,True,False,False,False,True,False,False,False,True,False,False,False,True,False,False,False,True,False,False,True,False,False,False,False,False,True,False,False,False,True,2010,11,2015,2
69,24,807369,500,1418.5,614948,0,0,3,0,0,63300,12660,6330,44310,2012,False,False,False,False,True,False,False,False,False,False,False,False,False,False,False,True,False,False,True,False,False,False,False,False,False,False,False,True,False,True,False,True,False,False,False,True,False,False,True,False,False,False,False,False,True,False,False,True,False,False,False,False,False,True,False,False,True,False,1992,6,2015,2
294,46,735307,500,1532.8,473935,0,0,1,0,3,65780,11960,11960,41860,2013,False,False,False,False,False,False,False,False,True,False,False,False,False,False,True,False,False,False,False,False,False,True,False,False,False,False,True,False,True,False,False,False,False,True,False,False,True,False,False,False,True,False,True,False,False,False,True,False,False,False,False,False,False,False,True,False,False,True,2010,6,2015,2
19,29,789208,500,1304.35,617267,0,0,3,0,2,75400,11600,11600,52200,2005,False,False,False,False,True,False,False,False,False,False,False,False,False,False,False,False,True,False,True,False,False,False,False,False,True,False,False,False,True,False,False,False,True,False,False,False,True,False,True,False,False,False,False,True,False,False,False,False,True,False,False,False,True,False,False,False,False,True,2002,10,2015,2
191,33,585324,2000,1551.61,470670,45000,-30400,1,1,1,2250,250,250,1750,2005,False,False,False,False,False,False,False,False,False,False,False,False,True,False,False,False,True,False,False,False,False,False,False,True,False,False,True,False,False,False,True,True,False,False,False,True,False,False,False,False,False,True,False,False,True,False,False,True,False,False,False,False,False,False,False,True,False,True,2008,2,2015,2
4,39,498759,1000,1326.98,450368,64200,0,3,1,3,54120,4510,9020,40590,2007,False,False,False,False,False,False,False,True,False,False,False,False,False,False,True,False,False,False,False,False,False,False,True,False,True,False,False,False,False,False,True,False,True,False,False,True,False,False,True,False,False,False,True,False,False,False,False,True,False,False,False,False,True,False,False,False,True,False,1996,9,2015,1
298,49,795004,500,862.92,448809,0,-71700,3,0,2,69480,11580,11580,46320,2007,False,False,False,False,False,False,False,False,False,False,True,False,False,False,False,False,True,False,True,False,False,False,False,False,False,False,True,False,True,False,False,True,False,False,True,False,False,False,True,False,False,False,False,True,False,False,False,False,False,True,False,False,False,False,True,False,False,True,1998,3,2015,1
231,43,203250,2000,1331.69,469653,0,0,1,1,2,66950,10300,10300,46350,2015,False,False,False,True,False,False,False,False,False,False,False,False,False,False,False,True,False,False,True,False,False,False,False,False,False,False,False,True,False,True,False,True,False,False,False,True,False,False,False,False,True,False,True,False,False,False,False,False,False,False,True,False,False,True,False,False,True,False,2010,4,2015,2
338,47,430794,2000,1486.04,615688,0,-56200,3,2,3,64100,12820,6410,44870,2014,False,False,False,False,True,False,False,False,False,False,False,False,False,False,False,False,True,False,False,True,False,False,False,False,False,False,True,False,True,False,False,False,True,False,True,False,False,False,True,False,False,False,False,True,False,True,False,False,False,False,False,False,False,True,False,False,True,False,2008,1,2015,1
261,46,156636,1000,870.55,465631,0,-49400,1,0,3,80280,13380,13380,53520,2013,False,False,False,True,False,False,False,False,False,False,False,False,False,False,False,True,False,False,False,False,False,True,False,False,False,False,True,False,False,True,False,False,True,False,False,True,False,False,False,False,True,False,True,False,False,False,False,False,False,False,False,True,False,True,False,False,False,True,2000,9,2015,1
321,44,284143,2000,1344.56,443344,0,-39100,1,1,2,4680,520,0,4160,1999,True,False,False,False,False,False,False,False,False,False,False,False,False,False,True,False,False,False,True,False,False,False,False,False,False,False,False,True,False,True,False,True,False,False,False,False,False,True,False,False,False,True,False,False,True,True,False,False,False,False,False,False,False,False,False,True,False,True,2008,4,2015,2
0,32,740518,1000,1377.04,441363,61400,-41100,4,1,1,39720,6620,6620,26480,2002,True,False,False,False,False,False,False,False,False,False,False,False,False,False,False,False,True,False,True,False,False,False,False,False,True,False,False,False,False,True,False,True,False,False,False,True,False,False,True,False,False,False,False,False,True,False,True,False,False,False,False,False,False,True,False,False,False,True,2011,2,2015,1
405,58,445289,500,1237.88,462683,0,-46900,1,0,0,63580,5780,5780,52020,1997,False,False,False,False,False,False,False,False,True,False,False,False,False,False,True,False,False,False,True,False,False,False,False,False,False,False,False,True,False,True,False,False,True,False,True,False,False,False,False,False,True,False,False,True,False,False,False,False,False,True,False,False,True,False,False,False,False,True,2012,4,2015,1
304,49,599262,1000,1525.86,463184,0,0,1,1,1,73370,13340,6670,53360,2013,False,False,False,False,False,False,False,False,False,False,True,False,False,False,False,True,False,True,False,False,False,False,False,False,False,False,True,False,False,False,True,False,False,True,False,True,False,False,False,False,True,False,True,False,False,False,False,False,False,False,False,True,False,False,True,False,True,False,2001,9,2015,1
1,29,357949,500,854.58,612826,52200,0,1,2,3,86790,7890,23670,55230,2003,False,False,False,False,False,False,True,False,False,False,False,False,False,False,False,False,True,False,False,False,False,True,False,False,False,False,False,True,False,True,False,False,False,True,False,True,False,False,False,False,True,False,False,False,True,False,False,False,True,False,False,False,False,False,True,False,True,False,2006,5,2015,1
26,39,493161,1000,770.76,433155,0,-53700,1,0,2,49800,9960,4980,34860,2015,False,False,False,False,False,False,False,False,True,False,False,False,False,False,False,True,False,False,False,False,False,False,False,True,False,False,False,True,True,False,False,False,True,False,True,False,False,False,False,False,True,False,False,True,False,False,False,False,False,False,True,False,False,False,True,False,False,True,1992,1,2015,2
202,38,320251,2000,1132.74,616120,0,-37500,1,1,1,77440,7040,14080,56320,2005,False,False,False,False,False,False,False,False,False,True,False,False,False,False,True,False,False,False,False,False,False,False,False,True,False,False,True,False,False,False,True,True,False,False,True,False,False,False,False,False,True,False,True,False,False,True,False,False,False,False,False,False,False,False,True,False,True,False,2009,1,2015,2
289,48,231127,500,1173.37,461744,0,-42700,1,1,0,42900,8580,0,34320,1999,True,False,False,False,False,False,False,False,False,False,False,False,False,False,True,False,False,False,False,False,False,True,False,False,False,False,True,False,False,True,False,False,True,False,False,False,True,False,False,False,True,False,False,False,True,False,False,False,False,False,False,True,True,False,False,False,True,False,1995,8,2015,1
61,26,766193,2000,1188.28,475916,0,-53800,2,1,0,53820,11960,5980,35880,2015,False,False,False,False,False,True,False,False,False,False,False,False,False,False,False,False,True,False,False,False,False,False,True,False,False,True,False,False,False,False,True,True,False,False,True,False,False,False,True,False,False,False,True,False,False,False,False,False,True,False,False,False,False,True,False,False,True,False,2011,7,2015,2
334,46,555374,1000,876.88,454434,0,0,1,2,1,57330,12740,6370,38220,1998,False,False,False,False,False,False,False,True,False,False,False,False,False,False,True,False,False,False,False,False,False,False,False,True,False,False,False,True,True,False,False,True,False,False,False,True,False,False,False,False,True,False,True,False,False,False,False,False,False,True,False,False,False,True,False,False,False,True,2013,1,2015,1
12,24,491484,1000,1143.95,464353,51400,0,3,2,1,53370,5930,5930,41510,2011,False,False,False,False,False,False,False,False,False,True,False,False,False,False,True,False,False,False,True,False,False,False,False,False,False,False,False,True,True,False,False,False,True,False,False,True,False,False,True,False,False,False,False,False,True,False,False,False,False,False,False,True,False,True,False,False,True,False,1994,11,2015,2
86,29,925128,2000,1409.06,610302,74200,-68100,1,2,2,62920,9680,14520,38720,2005,True,False,False,False,False,False,False,False,False,False,False,False,False,False,True,False,False,False,True,False,False,False,False,False,False,False,False,True,True,False,False,False,False,True,False,True,False,False,False,False,True,False,True,False,False,False,False,True,False,False,False,False,True,False,False,False,False,True,2014,8,2015,1
83,24,265093,1000,1070.63,462106,0,0,3,0,1,61600,6160,12320,43120,2003,False,False,False,False,False,False,True,False,False,False,False,False,False,False,False,True,False,False,True,False,False,False,False,False,False,True,False,False,False,True,False,True,False,False,False,False,True,False,True,False,False,False,False,False,True,False,False,True,False,False,False,False,True,False,False,False,True,False,2006,1,2015,2
126,30,267808,2000,916.13,431389,55300,-58400,3,2,0,74160,6180,12360,55620,2002,False,False,False,False,False,False,False,False,True,False,False,False,False,False,True,False,False,False,True,False,False,False,False,False,False,False,False,True,False,False,True,True,False,False,False,False,True,False,True,False,False,False,False,False,True,False,True,False,False,False,False,False,False,True,False,False,False,True,1998,9,2015,1
209,38,116735,500,1191.5,442866,38600,-52900,1,2,0,80100,8900,8900,62300,2015,False,True,False,False,False,False,False,False,False,False,False,False,False,False,False,False,True,False,False,False,False,False,False,True,False,False,False,True,True,False,False,False,True,False,False,False,True,False,False,False,True,False,False,True,False,False,False,True,False,False,False,False,False,True,False,False,False,True,2010,1,2015,1
283,48,963680,1000,1474.66,446755,0,-46200,1,2,3,6560,820,820,4920,2003,False,False,False,False,False,False,False,False,False,False,False,False,False,True,False,False,True,False,True,False,False,False,False,False,False,False,False,True,False,True,False,True,False,False,False,False,False,True,False,True,False,False,False,False,True,False,False,False,True,False,False,False,False,False,False,True,True,False,2003,1,2015,2
194,34,445694,1000,1193.45,464743,0,0,1,2,1,58800,11760,5880,41160,1997,False,False,False,False,False,False,False,False,False,True,False,False,False,False,True,False,False,False,False,False,False,False,False,True,True,False,False,False,False,True,False,False,False,True,False,False,True,False,False,False,True,False,False,True,False,False,False,False,True,False,False,False,False,True,False,False,False,True,2004,5,2015,1
184,38,215534,1000,1437.53,437889,0,0,3,0,2,53730,11940,5970,35820,2013,False,False,False,False,True,False,False,False,False,False,False,False,False,False,True,False,False,False,False,False,True,False,False,False,True,False,False,False,False,True,False,True,False,False,False,True,False,False,True,False,False,False,False,True,False,False,True,False,False,False,False,False,False,False,True,False,True,False,1994,9,2015,2
479,60,232854,2000,1304.83,473638,0,0,1,0,0,60600,5050,10100,45450,2001,False,False,False,False,False,False,True,False,False,False,False,False,False,False,True,False,False,False,True,False,False,False,False,False,True,False,False,False,True,False,False,True,False,False,False,False,True,False,False,False,True,False,True,False,False,False,True,False,False,False,False,False,False,True,False,False,True,False,1997,7,2015,1
284,48,168260,1000,1168.8,444232,0,-42400,1,0,3,35750,6500,3250,26000,2001,False,False,False,False,False,False,False,False,True,False,False,False,False,False,False,False,True,False,True,False,False,False,False,False,False,False,True,False,False,True,False,False,False,True,False,False,True,False,False,False,True,False,False,True,False,False,False,False,True,False,False,False,False,False,True,False,True,False,1991,3,2015,2
65,27,538955,1000,1164.97,477695,43000,-42500,1,1,2,42840,3570,7140,32130,2004,False,False,False,True,False,False,False,False,False,False,False,False,False,False,False,True,False,False,False,False,False,False,False,True,True,False,False,False,False,True,False,False,False,True,False,False,True,False,False,False,True,False,True,False,False,False,True,False,False,False,False,False,True,False,False,False,True,False,2001,9,2015,1
222,39,243226,1000,1232.72,458237,87800,-51200,3,1,0,87960,14660,14660,58640,1999,False,False,False,False,False,False,False,True,False,False,False,False,False,False,True,False,False,False,False,False,False,True,False,False,False,True,False,False,False,True,False,True,False,False,True,False,False,False,True,False,False,False,False,True,False,False,False,True,False,False,False,False,True,False,False,False,False,True,2012,1,2015,2
196,41,246435,2000,1800.76,441499,0,-78600,3,1,0,47800,4780,4780,38240,2009,False,False,False,False,False,False,False,True,False,False,False,False,False,False,True,False,False,False,False,False,False,True,False,False,True,False,False,False,True,False,False,True,False,False,False,True,False,False,True,False,False,False,False,True,False,False,False,False,True,False,False,False,False,True,False,False,False,True,2001,7,2015,1
253,43,582480,500,1187.01,613436,46300,-33000,1,0,1,3840,640,640,2560,2014,False,False,False,True,False,False,False,False,False,False,False,False,False,False,True,False,False,False,True,False,False,False,False,False,False,False,False,True,True,False,False,False,True,False,False,False,False,True,False,False,False,True,False,False,True,True,False,False,False,False,False,False,False,False,False,True,True,False,1991,8,2015,2
280,43,345539,1000,1559.34,448912,0,-51600,1,0,2,77000,14000,7000,56000,2004,True,False,False,False,False,False,False,False,False,False,False,False,False,False,False,True,False,False,True,False,False,False,False,False,False,True,False,False,True,False,False,False,True,False,False,False,True,False,False,False,True,False,True,False,False,False,False,False,True,False,False,False,True,False,False,False,False,True,2012,7,2015,2
5,26,924318,2000,1137.02,468872,31500,0,1,1,3,88110,16020,16020,56070,2003,False,True,False,False,False,False,False,False,False,False,False,False,False,False,True,False,False,False,False,False,False,False,False,True,True,False,False,False,False,False,True,False,True,False,False,False,True,False,False,False,True,False,False,True,False,False,False,False,False,False,False,True,False,True,False,False,True,False,2014,7,2015,1
220,42,726880,1000,1281.72,619811,33500,-49500,4,0,2,47740,4340,4340,39060,2005,False,False,False,False,False,False,True,False,False,False,False,False,False,False,False,True,False,False,False,False,False,True,False,False,False,True,False,False,True,False,False,False,False,True,False,True,False,False,True,False,False,False,True,False,False,False,True,False,False,False,False,False,False,True,False,False,False,True,1994,8,2015,2
85,30,190588,1000,796.35,614166,72400,-77000,3,2,1,58960,5360,10720,42880,2004,False,False,False,False,False,True,False,False,False,False,False,False,False,False,False,False,True,False,False,False,False,True,False,False,False,True,False,False,False,False,True,False,False,True,False,False,True,False,True,False,False,False,True,False,False,False,False,False,False,True,False,False,False,True,False,False,True,False,2001,12,2015,2
266,46,246705,500,1270.02,456600,0,-45800,1,1,2,2160,480,240,1440,2004,False,False,False,False,False,False,False,False,False,False,False,False,True,False,False,False,True,True,False,False,False,False,False,False,False,False,False,True,True,False,False,False,True,False,False,True,False,False,False,True,False,False,False,True,False,True,False,False,False,False,False,False,False,False,False,True,True,False,1990,3,2015,1
41,26,619589,1000,1383.13,618405,46700,0,1,1,1,6890,530,1060,5300,1997,False,False,False,False,False,False,False,True,False,False,False,False,False,False,True,False,False,False,False,False,False,True,False,False,False,False,False,True,False,False,True,False,True,False,False,False,False,True,False,False,False,True,True,False,False,False,False,False,True,False,False,False,False,False,False,True,True,False,2006,3,2015,2
316,45,164988,2000,1290.74,430832,58300,0,3,2,0,78870,7170,14340,57360,2013,False,False,False,False,False,False,False,False,False,False,False,True,False,False,True,False,False,False,False,False,False,False,True,False,True,False,False,False,True,False,False,False,False,True,True,False,False,False,True,False,False,False,True,False,False,False,False,True,False,False,False,False,False,False,True,False,True,False,2013,12,2015,2
285,47,729534,1000,1216.68,610989,55100,0,1,1,1,2700,300,300,2100,2013,False,False,False,False,False,True,False,False,False,False,False,False,False,False,False,True,False,False,False,False,False,True,False,False,False,False,False,True,True,False,False,True,False,False,False,False,False,True,False,False,False,True,True,False,False,False,False,False,False,False,True,False,False,False,False,True,True,False,1991,9,2015,1
379,54,505014,500,1251.16,447750,41400,0,1,0,1,75960,6330,6330,63300,2010,False,False,False,False,False,False,False,True,False,False,False,False,False,False,True,False,False,False,False,False,False,False,False,True,True,False,False,False,False,True,False,True,False,False,False,False,True,False,False,False,True,False,True,False,False,True,False,False,False,False,False,False,True,False,False,False,True,False,2001,12,2015,2
15,34,920826,2000,1586.41,608708,33500,-58900,1,1,3,75570,6870,13740,54960,2010,False,False,True,False,False,False,False,False,False,False,False,False,False,False,False,True,False,False,False,False,False,False,False,True,False,False,False,True,False,False,True,False,True,False,True,False,False,False,False,False,True,False,False,True,False,False,False,True,False,False,False,False,True,False,False,False,True,False,2005,4,2015,1
354,48,534982,2000,1526.11,469650,0,0,1,2,3,90240,15040,15040,60160,1995,False,False,False,True,False,False,False,False,False,False,False,False,False,False,True,False,False,False,False,False,False,True,False,False,False,False,False,True,False,True,False,False,False,True,False,True,False,False,False,False,True,False,False,False,True,False,False,False,False,False,True,False,True,False,False,False,True,False,2003,4,2015,1
342,53,110408,1000,1028.44,602304,0,0,1,0,0,80960,14720,7360,58880,2000,True,False,False,False,False,False,False,False,False,False,False,False,False,False,False,True,False,False,False,False,False,True,False,False,True,False,False,False,False,True,False,True,False,False,True,False,False,False,False,False,True,False,True,False,False,False,True,False,False,False,False,False,True,False,False,False,True,False,2005,11,2015,1
169,38,283052,1000,1555.94,459878,23300,0,3,1,3,79080,6590,13180,59310,2012,False,False,False,False,False,False,False,False,True,False,False,False,False,False,True,False,False,False,False,False,False,False,True,False,False,False,True,False,True,False,False,False,False,True,False,False,True,False,True,False,False,False,True,False,False,False,False,False,False,False,False,True,True,False,False,False,False,True,2005,1,2015,1
339,49,840806,2000,1570.77,441142,98800,-65300,1,0,3,6820,1240,620,4960,2009,False,False,False,False,False,False,False,False,True,False,False,False,False,False,False,True,False,False,False,False,False,True,False,False,False,False,True,False,True,False,False,True,False,False,False,True,False,False,False,False,False,True,False,False,True,False,False,False,True,False,False,False,False,False,False,True,False,True,1994,2,2015,1
259,42,382394,2000,1170.53,465667,65000,-49200,3,1,2,62590,5690,11380,45520,2006,False,False,False,False,False,False,False,False,False,True,False,False,False,False,False,False,True,False,False,False,False,False,False,True,False,True,False,False,True,False,False,False,False,True,False,False,True,False,True,False,False,False,True,False,False,False,False,False,False,False,False,True,False,True,False,False,True,False,1996,1,2015,1
65,23,876699,1000,1099.95,473109,0,-71900,1,1,0,52400,6550,6550,39300,2005,True,False,False,False,False,False,False,False,False,False,False,False,False,False,False,False,True,False,True,False,False,False,False,False,False,False,True,False,True,False,False,False,False,True,True,False,False,False,False,False,True,False,False,True,False,False,True,False,False,False,False,False,False,False,True,False,True,False,1999,12,2015,1
254,46,871432,2000,1472.43,619794,0,-90600,3,1,3,63580,5780,11560,46240,2004,False,False,False,False,False,False,False,False,False,False,False,False,False,True,True,False,False,False,False,False,False,False,False,True,True,False,False,False,False,True,False,False,False,True,True,False,False,False,True,False,False,False,False,True,False,False,False,False,False,True,False,False,True,False,False,False,False,True,2004,7,2015,1
440,55,379882,500,1275.62,602258,0,-56200,3,2,1,61400,6140,6140,49120,1995,False,False,False,False,False,False,False,False,False,True,False,False,False,False,True,False,False,False,True,False,False,False,False,False,False,False,False,True,False,False,True,True,False,False,False,True,False,False,True,False,False,False,False,True,False,True,False,False,False,False,False,False,False,False,True,False,True,False,2012,11,2015,1
478,63,852002,1000,1292.3,479724,47600,0,1,1,3,4700,940,470,3290,2007,False,False,False,False,True,False,False,False,False,False,False,False,False,False,True,False,False,False,False,False,False,False,True,False,False,False,True,False,False,False,True,True,False,False,False,True,False,False,False,True,False,False,False,True,False,False,False,True,False,False,False,False,False,False,False,True,False,True,2009,6,2015,2
230,44,372891,2000,1009.37,442210,45400,-39400,1,0,2,74140,13480,13480,47180,2015,False,False,True,False,False,False,False,False,False,False,False,False,False,False,False,True,False,False,False,False,False,True,False,False,False,True,False,False,True,False,False,False,False,True,False,False,True,False,False,False,True,False,False,True,False,False,True,False,False,False,False,False,True,False,False,False,True,False,2000,6,2015,2
138,30,689034,500,1093.07,463291,27700,-72400,1,2,2,83160,6930,13860,62370,2011,False,False,False,False,False,False,False,False,False,False,False,False,False,True,False,False,True,False,False,False,False,False,True,False,False,False,True,False,False,True,False,True,False,False,True,False,False,False,False,False,True,False,False,False,True,False,False,False,False,False,False,True,True,False,False,False,True,False,2002,1,2015,1
239,41,743092,1000,1325.44,474898,51400,-6300,1,0,2,10790,1660,830,8300,2013,False,False,False,False,False,False,False,False,True,False,False,False,False,False,False,False,True,True,False,False,False,False,False,False,False,False,False,True,False,True,False,False,False,True,False,False,False,True,False,True,False,False,False,True,False,False,False,False,True,False,False,False,False,False,False,True,True,False,2013,11,2015,2
93,31,599174,2000,1017.18,431354,0,0,3,1,3,48070,8740,8740,30590,2014,False,False,False,False,False,False,False,False,False,False,True,False,False,False,True,False,False,True,False,False,False,False,False,False,False,False,False,True,False,False,True,True,False,False,True,False,False,False,True,False,False,False,True,False,False,False,False,False,False,True,False,False,False,True,False,False,True,False,2008,1,2015,2
37,25,421092,1000,1221.17,617460,49300,0,3,0,0,51030,5670,11340,34020,1996,False,False,False,False,False,False,False,False,False,False,False,True,False,False,False,False,True,False,False,False,False,True,False,False,True,False,False,False,False,False,True,False,False,True,False,True,False,False,True,False,False,False,True,False,False,False,False,False,False,False,True,False,False,True,False,False,True,False,2003,3,2015,1
254,40,349658,500,1927.87,609317,0,0,1,0,1,43280,0,5410,37870,1996,False,False,False,False,False,False,True,False,False,False,False,False,False,False,False,True,False,False,False,False,False,False,True,False,False,True,False,False,False,False,True,False,True,False,False,True,False,False,False,False,True,False,True,False,False,False,False,False,False,True,False,False,True,False,False,False,False,True,1994,6,2015,1
131,29,811042,1000,978.27,479821,65700,0,1,1,3,76400,15280,7640,53480,2003,False,False,False,False,False,False,False,False,False,False,False,True,False,False,False,True,False,False,False,False,False,True,False,False,False,True,False,False,False,True,False,True,False,False,True,False,False,False,False,False,True,False,False,True,False,True,False,False,False,False,False,False,True,False,False,False,True,False,2013,7,2015,2
230,43,505316,2000,1221.14,473394,48100,0,1,0,2,75460,13720,13720,48020,2002,False,True,False,False,False,False,False,False,False,False,False,False,False,False,False,True,False,False,False,False,False,False,True,False,True,False,False,False,False,True,False,False,True,False,False,False,True,False,False,False,True,False,True,False,False,False,False,False,False,True,False,False,False,False,True,False,False,True,2002,6,2015,1
313,50,116645,2000,1255.62,603882,0,0,3,2,1,69000,13800,6900,48300,1995,False,False,False,False,False,True,False,False,False,False,False,False,False,False,False,False,True,False,False,True,False,False,False,False,False,False,True,False,False,False,True,False,False,True,True,False,False,False,True,False,False,False,True,False,False,False,False,False,False,True,False,False,False,False,True,False,False,True,2004,6,2015,2
210,38,950880,500,999.52,615229,0,0,1,1,2,8640,1440,720,6480,2008,True,False,False,False,False,False,False,False,False,False,False,False,False,False,False,True,False,False,False,False,False,False,True,False,False,False,False,True,False,True,False,True,False,False,False,True,False,False,False,False,False,True,False,True,False,False,False,False,True,False,False,False,False,False,False,True,False,True,1998,12,2015,1
101,29,788502,500,1380.89,620197,30000,-53000,3,2,1,67210,12220,12220,42770,1996,False,False,True,False,False,False,False,False,False,False,False,False,False,False,False,False,True,False,False,False,False,True,False,False,True,False,False,False,False,True,False,False,True,False,False,True,False,False,True,False,False,False,False,True,False,False,False,False,False,False,False,True,False,True,False,False,False,True,2014,8,2015,2
153,37,627486,500,1010.77,438215,52300,-55600,3,0,3,42500,4250,4250,34000,1999,False,False,False,False,False,False,False,False,False,False,False,False,False,True,False,True,False,True,False,False,False,False,False,False,True,False,False,False,False,True,False,True,False,False,False,False,True,False,True,False,False,False,False,False,True,False,False,True,False,False,False,False,False,False,True,False,False,True,2005,11,2015,1
337,53,498842,500,1205.86,444583,0,-34600,1,0,1,86400,14400,7200,64800,2001,True,False,False,False,False,False,False,False,False,False,False,False,False,False,False,False,True,False,False,False,False,True,False,False,False,True,False,False,False,False,True,True,False,False,False,True,False,False,False,False,True,False,True,False,False,True,False,False,False,False,False,False,False,True,False,False,False,True,2000,5,2015,2
360,51,550294,1000,1526.61,471866,0,-32900,1,2,2,4620,840,840,2940,2009,False,False,False,False,True,False,False,False,False,False,False,False,False,False,True,False,False,False,False,False,False,True,False,False,False,False,False,True,False,False,True,False,True,False,False,True,False,False,False,False,False,True,False,False,True,False,False,False,False,False,True,False,False,False,False,True,False,True,2001,11,2015,1
428,53,328387,1000,1496.44,616884,0,0,1,2,2,6930,630,1260,5040,2013,False,False,False,False,False,False,True,False,False,False,False,False,False,False,True,False,False,True,False,False,False,False,False,False,False,False,False,True,False,False,True,True,False,False,False,False,False,True,False,True,False,False,True,False,False,False,False,True,False,False,False,False,False,False,False,True,True,False,2014,5,2015,2
204,40,540152,500,1256.2,448310,0,0,3,1,2,41700,8340,8340,25020,2013,False,False,False,False,False,False,False,False,False,False,True,False,False,False,True,False,False,False,False,False,False,True,False,False,False,False,True,False,False,False,True,False,False,True,False,True,False,False,True,False,False,False,True,False,False,False,False,False,True,False,False,False,False,False,True,False,True,False,1991,1,2015,1
364,51,385932,500,1268.35,478902,0,0,1,2,1,77330,14060,14060,49210,2014,False,False,False,False,False,False,False,False,False,False,False,False,False,True,True,False,False,False,True,False,False,False,False,False,False,False,True,False,False,False,True,True,False,False,True,False,False,False,False,False,True,False,True,False,False,False,False,False,False,False,True,False,False,True,False,False,False,True,1992,4,2015,1
185,35,618682,2000,1421.59,442695,0,0,1,2,3,4950,900,450,3600,2011,False,False,False,False,False,True,False,False,False,False,False,False,False,False,False,True,False,False,False,False,False,False,False,True,False,False,False,True,False,True,False,False,False,True,False,False,False,True,False,False,False,True,False,False,True,False,True,False,False,False,False,False,False,False,False,True,False,True,2000,3,2015,1
63,26,550930,500,1500.04,613826,0,-36500,1,0,2,5160,860,860,3440,2004,True,False,False,False,False,False,False,False,False,False,False,False,False,False,True,False,False,True,False,False,False,False,False,False,False,False,False,True,True,False,False,False,False,True,False,True,False,False,False,False,False,True,False,False,True,False,False,False,False,False,False,True,False,False,False,True,False,True,1995,10,2015,2
210,35,998192,500,1433.24,476203,0,-19500,3,2,1,24570,2730,2730,19110,2006,False,False,False,False,False,False,False,False,False,False,True,False,False,False,True,False,False,False,False,False,False,False,False,True,False,True,False,False,True,False,False,False,True,False,False,False,True,False,True,False,False,False,True,False,False,False,True,False,False,False,False,False,False,False,True,False,True,False,2014,4,2015,2
194,38,663938,2000,1231.25,604333,46500,0,3,1,0,53680,4880,9760,39040,2011,False,False,False,False,False,False,False,False,False,False,False,False,True,False,False,True,False,False,False,False,False,False,False,True,True,False,False,False,False,True,False,False,True,False,False,True,False,False,True,False,False,False,True,False,False,False,False,False,False,False,False,True,False,True,False,False,True,False,2011,1,2015,1
294,49,756870,500,1135.43,442604,22700,0,3,1,1,42900,3900,3900,35100,2010,False,False,False,True,False,False,False,False,False,False,False,False,False,False,False,True,False,False,False,False,False,False,False,True,False,False,False,True,False,False,True,False,False,True,False,False,True,False,True,False,False,False,False,False,True,False,False,False,False,False,True,False,False,False,True,False,False,True,1996,1,2015,2
272,41,337158,2000,945.73,435663,38600,-42800,1,0,0,84100,16820,8410,58870,2009,False,False,False,False,False,True,False,False,False,False,False,False,False,False,False,False,True,False,True,False,False,False,False,False,False,True,False,False,True,False,False,True,False,False,False,True,False,False,False,False,True,False,False,True,False,False,False,False,False,True,False,False,True,False,False,False,False,True,1991,4,2015,2
27,27,919875,2000,1118.76,470866,0,-55800,1,1,3,61560,6840,6840,47880,2008,False,False,False,False,False,True,False,False,False,False,False,False,False,False,False,True,False,False,True,False,False,False,False,False,False,True,False,False,False,True,False,False,True,False,False,False,True,False,False,False,True,False,True,False,False,False,True,False,False,False,False,False,True,False,False,False,True,False,2002,6,2015,2
251,39,315631,2000,1231.98,612908,0,-31700,1,0,0,44240,5530,5530,33180,1997,False,False,False,False,True,False,False,False,False,False,False,False,False,False,False,True,False,False,True,False,False,False,False,False,False,False,False,True,False,False,True,False,True,False,False,True,False,False,False,False,True,False,False,False,True,True,False,False,False,False,False,False,False,True,False,False,True,False,1999,4,2015,1
180,33,113464,2000,1005.47,441871,58100,-49000,4,2,3,57700,11540,5770,40390,2002,False,False,False,False,False,False,False,True,False,False,False,False,False,False,False,True,False,False,False,False,False,False,True,False,True,False,False,False,False,True,False,False,False,True,False,True,False,False,True,False,False,False,False,False,True,False,False,False,True,False,False,False,False,True,False,False,True,False,2009,4,2015,2
392,50,556415,2000,1108.97,431496,68400,-66800,1,2,2,108030,16620,16620,74790,2002,False,False,False,False,False,False,False,False,False,False,True,False,False,False,False,False,True,False,False,False,False,False,False,True,False,False,True,False,True,False,False,False,False,True,False,True,False,False,False,False,True,False,True,False,False,False,False,False,False,False,False,True,False,False,True,False,True,False,1991,8,2015,1
143,30,250249,500,1392.39,436499,0,-65700,1,2,0,54300,10860,5430,38010,2010,False,False,False,False,False,False,False,False,False,False,False,False,True,False,False,True,False,False,False,False,False,True,False,False,False,True,False,False,True,False,False,False,False,True,False,True,False,False,False,False,True,False,True,False,False,False,False,True,False,False,False,False,False,True,False,False,True,False,1991,11,2015,1
371,54,403776,2000,1317.97,469853,34700,-81000,3,1,2,32280,5380,5380,21520,2010,False,False,False,False,False,True,False,False,False,False,False,False,False,False,False,True,False,False,False,False,False,True,False,False,True,False,False,False,False,True,False,False,True,False,True,False,False,False,True,False,False,False,True,False,False,False,False,True,False,False,False,False,True,False,False,False,False,True,2012,4,2015,1
292,42,396002,1000,1588.22,605369,0,-53800,3,1,1,84600,16920,8460,59220,2007,False,False,False,True,False,False,False,False,False,False,False,False,False,False,False,True,False,False,False,False,False,False,False,True,False,False,True,False,False,False,True,True,False,False,False,False,True,False,True,False,False,False,False,True,False,False,False,False,True,False,False,False,False,True,False,False,False,True,2007,3,2015,1
165,35,976908,500,900.02,448466,0,-49900,1,1,3,69700,6970,6970,55760,2008,False,False,True,False,False,False,False,False,False,False,False,False,False,False,True,False,False,False,False,False,False,True,False,False,False,False,True,False,True,False,False,False,False,True,False,False,True,False,False,False,True,False,False,True,False,False,True,False,False,False,False,False,True,False,False,False,False,True,2012,12,2015,2
158,33,509489,1000,1744.64,432786,0,0,3,0,1,36400,3640,7280,25480,1998,False,False,False,False,False,False,False,False,False,False,False,False,False,True,False,False,True,False,False,False,False,False,False,True,True,False,False,False,True,False,False,True,False,False,False,False,True,False,True,False,False,False,True,False,False,False,False,False,True,False,False,False,False,True,False,False,False,True,2013,12,2015,2
241,39,485295,1000,1260.56,473591,0,-54900,3,0,2,37520,4690,4690,28140,2010,False,False,False,False,False,False,False,True,False,False,False,False,False,False,False,False,True,False,False,False,False,True,False,False,False,False,False,True,True,False,False,False,False,True,False,True,False,False,True,False,False,False,False,True,False,False,False,False,True,False,False,False,False,False,True,False,True,False,2005,4,2015,2
103,33,361829,2000,1021.14,618418,69500,-47700,3,2,3,79090,14380,14380,50330,2014,False,False,False,False,True,False,False,False,False,False,False,False,False,False,False,False,True,False,True,False,False,False,False,False,True,False,False,False,True,False,False,False,True,False,True,False,False,False,True,False,False,False,False,False,True,False,False,False,False,False,True,False,False,False,True,False,True,False,1994,9,2015,1
402,54,603632,2000,1285.09,444558,48000,-79600,1,0,2,67770,7530,15060,45180,2013,False,False,False,False,False,False,False,False,True,False,False,False,False,False,False,False,True,False,True,False,False,False,False,False,False,False,True,False,True,False,False,False,False,True,True,False,False,False,False,False,True,False,False,True,False,False,False,False,True,False,False,False,False,True,False,False,False,True,2003,8,2015,2
102,32,783494,500,1537.07,457733,0,0,1,1,0,47400,9480,4740,33180,2004,False,False,False,True,False,False,False,False,False,False,False,False,False,False,False,False,True,False,False,True,False,False,False,False,False,False,True,False,True,False,False,True,False,False,False,False,True,False,False,False,True,False,True,False,False,False,False,False,True,False,False,False,False,False,True,False,False,True,2014,9,2015,2
182,40,439049,1000,1022.42,466161,50000,-56900,1,0,2,71100,7110,14220,49770,2008,False,True,False,False,False,False,False,False,False,False,False,False,False,False,False,True,False,False,False,False,False,True,False,False,False,False,True,False,False,False,True,False,True,False,False,False,True,False,False,False,True,False,True,False,False,False,False,False,False,False,False,True,True,False,False,False,False,True,2011,12,2015,2
282,46,502634,2000,1558.86,450800,51100,-75100,1,2,2,69400,13880,6940,48580,2012,False,False,True,False,False,False,False,False,False,False,False,False,False,False,False,False,True,False,True,False,False,False,False,False,False,False,False,True,False,True,False,True,False,False,False,True,False,False,False,False,True,False,True,False,False,False,False,False,False,True,False,False,True,False,False,False,False,True,1991,8,2015,2
222,39,378588,500,1757.87,458993,71400,0,3,2,1,55000,5000,10000,40000,1996,False,False,False,False,False,False,False,False,False,False,True,False,False,False,False,False,True,False,False,False,False,True,False,False,False,False,True,False,False,False,True,False,True,False,True,False,False,False,True,False,False,False,False,False,True,False,False,True,False,False,False,False,False,True,False,False,False,True,2004,2,2015,1
415,52,794731,1000,973.5,468634,50400,0,2,1,3,51090,7860,7860,35370,2003,False,False,False,False,False,False,False,False,False,False,False,False,True,False,False,True,False,False,False,False,False,False,False,True,False,False,False,True,False,False,True,False,False,True,False,False,True,False,True,False,False,False,False,True,False,False,False,False,False,False,False,True,False,True,False,False,False,True,2015,2,2015,2
51,34,641934,500,1430.8,461264,0,0,1,2,3,64200,6420,19260,38520,2007,False,False,False,False,False,False,True,False,False,False,False,False,False,False,False,False,True,False,True,False,False,False,False,False,False,True,False,False,False,True,False,True,False,False,True,False,False,False,False,False,True,False,False,False,True,False,False,False,False,False,False,True,False,False,True,False,False,True,2013,12,2015,2
255,45,113516,500,1192.27,600184,0,-40200,1,2,0,67320,12240,12240,42840,2006,False,False,False,False,False,True,False,False,False,False,False,False,False,False,True,False,False,True,False,False,False,False,False,False,False,False,True,False,True,False,False,False,False,True,False,False,True,False,False,False,True,False,False,False,True,False,False,True,False,False,False,False,True,False,False,False,False,True,1990,10,2015,1
143,31,425631,500,1163.83,604874,37700,0,4,2,0,76120,6920,13840,55360,1999,False,True,False,False,False,False,False,False,False,False,False,False,False,False,True,False,False,True,False,False,False,False,False,False,False,False,True,False,False,False,True,False,True,False,True,False,False,False,True,False,False,False,False,True,False,True,False,False,False,False,False,False,False,False,True,False,False,True,2014,7,2015,2
130,28,542245,1000,1003.15,462377,0,-38500,2,2,1,85020,13080,13080,58860,2010,False,False,False,False,False,True,False,False,False,False,False,False,False,False,False,False,True,False,False,False,False,True,False,False,True,False,False,False,False,False,True,True,False,False,False,True,False,False,True,False,False,False,False,False,True,False,False,False,True,False,False,False,True,False,False,False,True,False,1991,11,2015,1
242,41,512894,2000,1153.54,619657,0,-57000,3,0,1,68090,12380,12380,43330,2009,False,False,False,False,False,False,False,False,False,False,False,False,True,False,False,False,True,False,True,False,False,False,False,False,False,True,False,False,True,False,False,False,True,False,False,True,False,False,True,False,False,False,False,True,False,False,False,False,False,False,True,False,False,True,False,False,False,True,1990,10,2015,2
96,27,633090,1000,1631.1,437323,0,0,1,1,2,6030,670,670,4690,2007,False,False,False,False,False,False,False,False,False,True,False,False,False,False,True,False,False,False,False,False,False,False,False,True,False,False,False,True,False,True,False,True,False,False,False,False,False,True,False,True,False,False,True,False,False,False,False,True,False,False,False,False,False,False,False,True,True,False,2009,2,2015,1
180,35,464234,1000,1252.48,432148,0,-55800,1,1,3,5100,1020,510,3570,2000,False,False,False,True,False,False,False,False,False,False,False,False,False,False,True,False,False,False,False,True,False,False,False,False,False,False,True,False,False,True,False,True,False,False,False,True,False,False,False,False,False,True,False,False,True,False,False,False,False,True,False,False,False,False,False,True,False,True,2005,7,2015,2
150,30,290162,1000,1677.26,439690,40100,0,1,1,3,4590,510,510,3570,2013,False,False,False,False,False,False,False,False,False,False,False,False,False,True,False,True,False,False,False,False,False,False,False,True,False,False,False,True,False,False,True,False,False,True,False,False,False,True,False,False,False,True,True,False,False,False,True,False,False,False,False,False,False,False,False,True,False,True,1994,3,2015,1
463,59,638155,1000,979.73,601848,51700,0,2,1,2,72400,7240,14480,50680,1999,False,False,False,True,False,False,False,False,False,False,False,False,False,False,True,False,False,False,False,False,False,True,False,False,False,False,True,False,False,True,False,True,False,False,True,False,False,False,True,False,False,False,False,True,False,False,False,False,True,False,False,False,True,False,False,False,True,False,1994,8,2015,2
472,64,911429,500,989.24,615821,0,0,1,2,3,70900,14180,7090,49630,2002,False,False,False,False,False,False,False,False,True,False,False,False,False,False,False,True,False,False,True,False,False,False,False,False,False,True,False,False,True,False,False,True,False,False,True,False,False,False,False,False,True,False,False,True,False,False,False,False,False,False,True,False,True,False,False,False,False,True,2012,8,2015,2
75,25,106186,1000,1389.86,472475,0,0,2,2,3,65100,6510,6510,52080,2011,False,False,False,False,False,False,False,False,False,False,True,False,False,False,True,False,False,False,False,False,False,False,False,True,False,False,True,False,False,True,False,False,False,True,False,False,True,False,True,False,False,False,False,False,True,True,False,False,False,False,False,False,False,False,True,False,True,False,2011,12,2015,1
193,40,311783,500,1233.85,457463,0,0,3,2,1,64260,0,14280,49980,1999,False,False,False,False,False,True,False,False,False,False,False,False,False,False,False,False,True,False,False,False,True,False,False,False,True,False,False,False,False,True,False,False,False,True,False,False,True,False,True,False,False,False,True,False,False,False,True,False,False,False,False,False,False,False,True,False,True,False,2005,2,2015,2
43,43,528385,500,1320.39,604861,0,0,1,2,1,79970,7270,21810,50890,1996,False,False,False,False,False,False,True,False,False,False,False,False,False,False,True,False,False,False,False,False,False,False,False,True,True,False,False,False,False,True,False,False,True,False,True,False,False,False,False,False,True,False,False,False,True,True,False,False,False,False,False,False,False,True,False,False,True,False,1997,11,2015,1
253,41,228403,1000,1435.09,471519,36600,0,1,2,0,56610,6290,6290,44030,1995,False,False,False,True,False,False,False,False,False,False,False,False,False,False,False,True,False,False,False,False,False,True,False,False,False,False,False,True,True,False,False,False,True,False,False,False,True,False,False,False,True,False,True,False,False,False,True,False,False,False,False,False,False,True,False,False,True,False,2004,4,2015,1
152,30,209177,500,1448.54,618682,58600,0,1,1,1,84590,7690,7690,69210,2000,False,False,False,False,False,False,False,False,False,False,False,False,True,False,False,True,False,False,False,False,False,False,True,False,False,True,False,False,False,False,True,False,True,False,True,False,False,False,False,False,True,False,False,False,True,False,False,False,True,False,False,False,False,False,True,False,True,False,2009,11,2015,2
160,38,497929,500,1733.56,441425,0,-43800,3,2,1,66780,7420,14840,44520,1996,False,False,False,False,False,False,False,False,True,False,False,False,False,False,False,False,True,False,False,False,False,True,False,False,False,True,False,False,True,False,False,False,False,True,True,False,False,False,True,False,False,False,False,True,False,False,False,True,False,False,False,False,False,False,True,False,False,True,2009,9,2015,1
56,36,735844,500,1533.07,609336,0,-28800,1,1,2,58500,0,6500,52000,2001,False,False,False,False,False,True,False,False,False,False,False,False,False,False,False,True,False,True,False,False,False,False,False,False,False,False,False,True,False,False,True,False,False,True,True,False,False,False,False,False,True,False,True,False,False,False,False,False,True,False,False,False,False,True,False,False,False,True,2009,11,2015,1
286,41,710741,500,1106.77,603320,45500,-62500,1,2,0,5000,500,500,4000,2003,False,False,False,False,True,False,False,False,False,False,False,False,False,False,True,False,False,False,False,False,False,False,False,True,False,False,False,True,False,True,False,True,False,False,False,False,False,True,False,True,False,False,True,False,False,False,True,False,False,False,False,False,False,False,False,True,True,False,2001,9,2015,2
3,29,276804,500,995.7,615446,0,0,1,2,1,5000,500,1000,3500,2008,False,False,False,False,False,False,False,False,True,False,False,False,False,False,True,False,False,False,False,False,True,False,False,False,False,False,False,True,False,True,False,False,True,False,False,False,False,True,False,True,False,False,True,False,False,False,False,False,True,False,False,False,False,False,False,True,True,False,1992,11,2015,2
286,41,507545,1000,1298.85,435967,71300,-70300,3,1,3,54450,6050,12100,36300,2007,False,False,False,False,False,False,False,False,False,False,True,False,False,False,True,False,False,False,True,False,False,False,False,False,True,False,False,False,False,True,False,False,False,True,True,False,False,False,True,False,False,False,False,True,False,False,False,True,False,False,False,False,True,False,False,False,True,False,1998,12,2015,1
239,38,485642,1000,1276.73,610246,0,0,3,1,3,61920,6880,6880,48160,2003,False,False,False,False,False,False,False,False,False,False,True,False,False,False,False,False,True,False,False,False,False,False,False,True,False,False,False,True,True,False,False,False,True,False,True,False,False,False,True,False,False,False,False,True,False,False,False,False,False,False,True,False,True,False,False,False,True,False,1990,8,2015,2
64,29,796375,2000,1202.28,479327,0,-61400,1,1,2,43700,4370,4370,34960,2007,False,False,False,False,False,False,False,False,False,True,False,False,False,False,False,False,True,False,False,False,False,False,True,False,True,False,False,False,False,True,False,True,False,False,False,True,False,False,False,False,True,False,False,True,False,False,False,True,False,False,False,False,False,False,True,False,False,True,2011,10,2015,1
98,31,171183,500,671.92,468300,0,-26400,1,2,0,64080,7120,7120,49840,1997,False,False,False,False,False,True,False,False,False,False,False,False,False,False,False,True,False,True,False,False,False,False,False,False,False,False,True,False,False,True,False,False,True,False,False,True,False,False,False,False,True,False,True,False,False,False,False,False,False,False,True,False,True,False,False,False,False,True,1990,2,2015,1
16,35,110084,1000,1358.03,612660,59300,-31400,1,2,1,55000,10000,10000,35000,2008,False,False,False,False,False,False,False,False,False,False,False,False,False,True,True,False,False,False,False,False,False,True,False,False,False,False,True,False,True,False,False,False,True,False,False,False,True,False,False,False,True,False,False,True,False,False,False,False,True,False,False,False,False,True,False,False,False,True,1990,11,2015,2
70,27,714784,1000,1008.79,466691,46000,0,1,2,3,4400,0,550,3850,2000,False,False,False,False,False,False,False,False,False,False,False,False,True,False,False,True,False,False,False,False,False,False,False,True,False,False,False,True,True,False,False,False,True,False,False,False,False,True,False,False,False,True,False,True,False,False,False,False,False,False,True,False,False,False,False,True,True,False,2004,7,2015,1
75,27,143924,1000,1141.1,468515,0,0,2,0,1,71640,5970,11940,53730,2008,False,False,False,False,False,False,False,False,False,False,False,False,True,False,False,False,True,False,False,False,False,True,False,False,False,False,False,True,False,True,False,False,False,True,False,True,False,False,True,False,False,False,True,False,False,False,False,False,True,False,False,False,False,False,True,False,False,True,1993,12,2015,2
246,44,996850,1000,1397.0,614521,0,0,1,1,0,61740,6860,6860,48020,1997,True,False,False,False,False,False,False,False,False,False,False,False,False,False,False,False,True,False,True,False,False,False,False,False,False,False,True,False,True,False,False,True,False,False,False,True,False,False,False,False,True,False,True,False,False,False,False,True,False,False,False,False,False,True,False,False,False,True,1995,3,2015,1
110,27,284834,1000,1664.66,465921,0,-66200,1,0,3,57500,5750,5750,46000,2010,False,True,False,False,False,False,False,False,False,False,False,False,False,False,False,False,True,False,False,False,False,True,False,False,True,False,False,False,False,True,False,False,True,False,False,False,True,False,False,False,True,False,False,False,True,True,False,False,False,False,False,False,False,False,True,False,True,False,2009,8,2015,2
236,39,830878,1000,1151.39,604555,0,-63900,1,0,0,8700,870,1740,6090,2003,True,False,False,False,False,False,False,False,False,False,False,False,False,False,False,True,False,False,True,False,False,False,False,False,False,False,False,True,False,False,True,False,True,False,False,True,False,False,False,True,False,False,False,True,False,False,False,False,False,False,True,False,False,False,False,True,True,False,1996,11,2015,1
267,46,270208,2000,1546.01,616276,0,0,4,2,1,77100,15420,7710,53970,1996,False,False,False,False,False,False,False,False,False,False,False,False,False,True,False,False,True,False,False,False,False,False,True,False,False,False,False,True,True,False,False,False,True,False,False,False,True,False,True,False,False,False,True,False,False,False,False,False,False,True,False,False,True,False,False,False,True,False,2004,8,2015,1
463,57,407958,500,1063.67,463356,0,0,1,2,0,59400,6600,6600,46200,1995,False,False,False,False,True,False,False,False,False,False,False,False,False,False,True,False,False,False,True,False,False,False,False,False,False,False,False,True,True,False,False,False,False,True,False,True,False,False,False,False,True,False,False,True,False,False,False,False,False,False,True,False,True,False,False,False,False,True,1991,7,2015,2
303,46,832300,1000,709.14,450184,0,0,3,1,0,54890,9980,4990,39920,2006,False,False,False,False,False,False,False,False,False,False,False,False,True,False,False,True,False,False,True,False,False,False,False,False,False,True,False,False,True,False,False,True,False,False,False,True,False,False,True,False,False,False,True,False,False,False,False,False,False,False,True,False,False,True,False,False,False,True,2005,1,2015,2
137,30,927205,500,1039.55,466393,55600,-59700,3,2,1,74030,6730,13460,53840,2005,False,False,False,True,False,False,False,False,False,False,False,False,False,False,True,False,False,False,False,False,False,False,False,True,False,False,True,False,False,True,False,False,True,False,False,True,False,False,True,False,False,False,False,True,False,False,False,False,False,True,False,False,True,False,False,False,False,True,2011,12,2015,2
56,42,655356,500,1339.39,471786,0,0,1,1,2,61490,11180,11180,39130,1998,False,False,True,False,False,False,False,False,False,False,False,False,False,False,True,False,False,False,True,False,False,False,False,False,False,False,True,False,False,True,False,False,False,True,False,False,True,False,False,False,True,False,False,True,False,True,False,False,False,False,False,False,False,True,False,False,True,False,1996,7,2015,2
75,27,831053,1000,1202.75,602289,57900,-90100,3,0,2,79560,6630,13260,59670,2003,False,False,False,False,False,False,False,False,False,False,False,False,False,True,False,True,False,False,False,False,False,True,False,False,False,False,False,True,True,False,False,False,False,True,False,True,False,False,True,False,False,False,False,True,False,False,False,True,False,False,False,False,True,False,False,False,False,True,1992,8,2015,1
131,33,432740,2000,1081.17,445120,0,-65200,1,0,1,4900,490,490,3920,2010,False,False,False,False,False,False,False,False,False,False,False,False,True,False,True,False,False,False,True,False,False,False,False,False,False,False,False,True,False,True,False,True,False,False,False,True,False,False,False,True,False,False,True,False,False,False,False,False,False,True,False,False,False,False,False,True,False,True,1990,10,2015,1
153,34,893853,500,991.39,449260,45600,-61400,3,1,0,77770,14140,14140,49490,2000,False,False,False,False,False,False,False,False,False,True,False,False,False,False,True,False,False,False,False,False,False,False,False,True,False,False,True,False,False,True,False,True,False,False,False,False,True,False,True,False,False,False,False,True,False,False,False,True,False,False,False,False,False,False,True,False,False,True,1994,2,2015,2
255,43,594988,500,984.02,472724,75800,0,2,2,2,74700,7470,14940,52290,2007,False,False,False,False,False,False,False,False,False,True,False,False,False,False,False,True,False,False,False,False,False,True,False,False,False,True,False,False,False,True,False,False,True,False,True,False,False,False,True,False,False,False,False,False,True,False,False,False,True,False,False,False,False,False,True,False,True,False,2007,5,2015,2
103,26,979544,500,1354.83,475173,66300,0,2,2,2,40600,4060,4060,32480,2010,False,False,False,False,False,False,False,False,False,False,False,False,False,True,True,False,False,False,True,False,False,False,False,False,False,False,False,True,True,False,False,False,True,False,False,True,False,False,True,False,False,False,True,False,False,False,False,False,False,True,False,False,True,False,False,False,False,True,2014,4,2015,1
97,28,191891,1000,830.31,443854,0,-32600,1,1,0,45270,10060,10060,25150,2006,False,False,False,False,False,False,False,True,False,False,False,False,False,False,False,False,True,False,False,False,False,True,False,False,True,False,False,False,False,True,False,False,True,False,False,False,True,False,False,False,True,False,True,False,False,False,False,False,True,False,False,False,False,True,False,False,False,True,2010,2,2015,1
214,36,831479,2000,987.42,461418,0,0,3,0,3,47080,4280,8560,34240,2006,False,False,False,False,False,False,False,False,False,False,True,False,False,False,True,False,False,False,True,False,False,False,False,False,True,False,False,False,True,False,False,False,True,False,False,True,False,False,True,False,False,False,True,False,False,True,False,False,False,False,False,False,True,False,False,False,True,False,2000,6,2015,1
438,57,714346,500,1119.29,616164,0,0,1,0,0,40700,4070,4070,32560,2000,False,False,False,False,False,False,False,False,False,False,False,False,False,True,False,False,True,False,False,False,False,True,False,False,False,False,False,True,False,True,False,True,False,False,False,True,False,False,False,False,True,False,False,False,True,False,False,False,False,True,False,False,False,False,True,False,True,False,1991,10,2015,1
87,27,326289,500,1048.39,620962,0,0,1,2,1,34650,6300,3150,25200,1996,False,False,False,False,False,True,False,False,False,False,False,False,False,False,False,False,True,False,True,False,False,False,False,False,False,False,False,True,False,True,False,False,False,True,False,True,False,False,False,False,True,False,True,False,False,False,False,False,False,False,True,False,False,False,True,False,True,False,2004,1,2015,2
27,28,944537,1000,1074.47,465201,0,0,1,2,0,3200,400,400,2400,2012,False,False,False,False,False,False,False,True,False,False,False,False,False,False,False,False,True,False,False,False,False,False,False,True,False,False,False,True,False,True,False,False,True,False,False,False,False,True,False,True,False,False,False,False,True,False,False,False,False,True,False,False,False,False,False,True,False,True,1992,7,2015,2
206,42,779156,1000,1230.76,470488,0,-74200,1,1,1,78980,7180,14360,57440,1997,False,False,False,False,False,False,False,False,False,False,True,False,False,False,True,False,False,False,False,False,False,False,True,False,False,True,False,False,False,True,False,True,False,False,True,False,False,False,False,False,True,False,False,False,True,False,False,True,False,False,False,False,False,True,False,False,False,True,1993,10,2015,1
127,31,856153,500,1255.02,462250,58200,0,1,1,0,6160,560,1120,4480,1996,False,False,False,False,False,False,False,False,False,True,False,False,False,False,False,False,True,False,False,False,False,True,False,False,False,False,True,False,False,False,True,True,False,False,False,True,False,False,False,True,False,False,False,False,True,True,False,False,False,False,False,False,False,False,False,True,False,True,2002,7,2015,1
422,60,473338,1000,1555.52,436408,43600,-67800,1,1,1,85250,15500,7750,62000,1999,False,False,False,False,False,False,False,False,True,False,False,False,False,False,False,True,False,True,False,False,False,False,False,False,True,False,False,False,False,False,True,True,False,False,True,False,False,False,False,False,True,False,True,False,False,False,False,False,False,True,False,False,True,False,False,False,True,False,2010,11,2015,2
303,50,521694,2000,836.11,464230,0,0,4,1,2,72840,12140,6070,54630,2010,False,False,False,False,True,False,False,False,False,False,False,False,False,False,True,False,False,False,False,False,False,True,False,False,False,True,False,False,False,False,True,True,False,False,True,False,False,False,True,False,False,False,True,False,False,False,False,False,False,False,True,False,False,False,True,False,False,True,1997,3,2015,1
228,40,136520,500,1450.98,478609,43700,0,1,0,2,6050,1100,1100,3850,2010,False,False,False,False,False,False,False,False,False,False,False,False,True,False,False,True,False,False,False,False,False,False,False,True,False,False,False,True,False,True,False,True,False,False,False,False,False,True,False,True,False,False,True,False,False,True,False,False,False,False,False,False,False,False,False,True,False,True,1997,3,2015,1
239,39,730819,2000,625.08,437156,44200,-37000,1,2,3,87890,15980,7990,63920,2014,False,False,True,False,False,False,False,False,False,False,False,False,False,False,False,True,False,False,False,False,False,True,False,False,False,True,False,False,True,False,False,False,False,True,True,False,False,False,False,False,True,False,False,True,False,False,False,False,True,False,False,False,True,False,False,False,True,False,1990,8,2015,1
330,47,912665,2000,1133.27,432218,0,-56400,2,0,2,60500,11000,5500,44000,1999,False,False,False,False,False,True,False,False,False,False,False,False,False,False,True,False,False,False,True,False,False,False,False,False,False,False,True,False,False,True,False,False,False,True,False,False,True,False,True,False,False,False,True,False,False,False,False,True,False,False,False,False,False,False,True,False,True,False,2014,5,2015,3
128,35,469966,500,1366.6,620493,0,0,3,2,1,88220,16040,16040,56140,2008,False,False,False,True,False,False,False,False,False,False,False,False,False,False,False,True,False,False,True,False,False,False,False,False,False,True,False,False,False,True,False,True,False,False,False,True,False,False,True,False,False,False,False,False,True,False,False,False,False,True,False,False,True,False,False,False,True,False,2004,7,2015,1
147,37,952300,1000,1439.9,475391,0,-48400,2,1,2,53680,9760,4880,39040,2004,True,False,False,False,False,False,False,False,False,False,False,False,False,False,False,False,True,False,False,False,False,True,False,False,False,False,True,False,True,False,False,True,False,False,False,False,True,False,True,False,False,False,False,False,True,True,False,False,False,False,False,False,False,True,False,False,True,False,2009,8,2015,1
287,45,322609,1000,1230.69,440720,0,-54600,1,0,2,53800,5380,5380,43040,2006,True,False,False,False,False,False,False,False,False,False,False,False,False,False,False,False,True,False,False,False,False,False,True,False,False,True,False,False,True,False,False,True,False,False,False,True,False,False,False,False,True,False,False,False,True,False,False,False,False,False,True,False,True,False,False,False,False,True,2007,7,2015,1
142,29,890280,2000,1307.68,606942,0,-48500,1,1,2,54360,4530,9060,40770,1995,False,False,False,False,False,False,False,False,True,False,False,False,False,False,False,False,True,False,True,False,False,False,False,False,False,False,False,True,False,False,True,True,False,False,True,False,False,False,False,False,True,False,True,False,False,False,False,False,False,True,False,False,False,True,False,False,True,False,2010,1,2015,1
162,35,431583,2000,1124.69,446971,0,0,1,0,3,54340,9880,4940,39520,2001,False,False,False,False,False,False,False,False,False,False,False,False,True,False,True,False,False,False,False,False,False,False,False,True,False,False,False,True,False,False,True,False,False,True,True,False,False,False,False,False,True,False,False,False,True,False,False,False,False,False,True,False,False,False,True,False,True,False,2000,5,2015,2
140,35,155912,1000,1520.78,470538,0,-42900,1,0,2,2860,520,260,2080,1997,False,False,False,True,False,False,False,False,False,False,False,False,False,False,False,False,True,False,False,False,False,True,False,False,False,False,True,False,False,True,False,False,False,True,False,False,False,True,False,True,False,False,True,False,False,False,False,True,False,False,False,False,False,False,False,True,True,False,2008,3,2015,1
106,28,110143,2000,1609.11,601177,0,0,1,2,1,5490,0,1220,4270,1999,False,False,False,False,False,False,False,False,False,False,True,False,False,False,False,False,True,False,False,False,False,False,False,True,False,False,False,True,False,False,True,False,False,True,False,True,False,False,False,False,False,True,True,False,False,False,False,True,False,False,False,False,False,False,False,True,False,True,1990,5,2015,1
292,45,808544,1000,1358.91,451470,0,0,1,0,2,7370,670,1340,5360,1997,False,False,False,False,False,False,False,False,False,False,False,True,False,False,True,False,False,False,False,False,False,False,False,True,False,False,False,True,True,False,False,False,True,False,False,False,False,True,False,False,False,True,False,False,True,False,False,False,False,False,True,False,False,False,False,True,False,True,1991,2,2015,1
34,34,409074,500,1295.87,438529,0,0,3,1,0,50800,5080,5080,40640,1997,False,True,False,False,False,False,False,False,False,False,False,False,False,False,False,False,True,True,False,False,False,False,False,False,True,False,False,False,False,True,False,True,False,False,True,False,False,False,True,False,False,False,False,False,True,False,False,False,False,False,False,True,False,False,True,False,True,False,1992,3,2015,1
290,48,824728,500,1161.03,469742,45300,0,2,1,1,41520,5190,5190,31140,2014,False,False,False,False,False,False,False,False,False,True,False,False,False,False,True,False,False,False,False,False,False,False,True,False,False,True,False,False,False,True,False,False,True,False,False,True,False,False,True,False,False,False,False,True,False,True,False,False,False,False,False,False,False,False,True,False,False,True,2013,4,2015,2
182,38,606037,2000,1441.06,435534,53800,-78300,1,2,3,89650,8150,16300,65200,2005,False,False,False,False,True,False,False,False,False,False,False,False,False,False,False,False,True,False,True,False,False,False,False,False,False,False,False,True,False,True,False,False,False,True,False,False,True,False,False,False,True,False,False,False,True,False,False,False,False,False,True,False,False,False,True,False,True,False,2009,4,2015,1
362,55,636843,1000,1097.99,442239,44400,-71500,3,0,3,39690,0,0,39690,1998,False,False,False,False,False,False,False,False,False,False,False,True,False,False,False,False,True,False,True,False,False,False,False,False,False,False,False,True,True,False,False,True,False,False,False,False,True,False,True,False,False,False,True,False,False,False,False,False,True,False,False,False,False,True,False,False,True,False,2008,12,2015,2
143,32,111874,1000,1464.42,468986,79900,0,1,2,0,62260,5660,5660,50940,1995,False,False,False,False,False,False,False,False,False,False,True,False,False,False,True,False,False,False,False,False,False,True,False,False,True,False,False,False,False,True,False,True,False,False,True,False,False,False,False,False,True,False,False,False,True,False,False,True,False,False,False,False,False,True,False,False,True,False,2000,7,2015,1
183,38,439844,500,1543.68,606988,20200,0,1,0,1,51920,9440,4720,37760,2001,False,True,False,False,False,False,False,False,False,False,False,False,False,False,True,False,False,True,False,False,False,False,False,False,False,False,False,True,True,False,False,False,False,True,True,False,False,False,False,False,True,False,False,True,False,False,False,False,False,False,True,False,False,False,True,False,True,False,2014,6,2015,1
254,40,463513,500,1390.89,453719,0,-74400,1,2,2,53460,9720,4860,38880,2009,False,False,False,False,False,False,False,False,False,False,False,False,False,True,True,False,False,False,True,False,False,False,False,False,False,False,True,False,False,True,False,False,True,False,False,True,False,False,False,False,True,False,False,True,False,False,True,False,False,False,False,False,True,False,False,False,False,True,1995,4,2015,2
249,43,577858,2000,1148.58,475524,0,-71200,3,2,1,57100,5710,5710,45680,2014,False,False,False,False,False,False,True,False,False,False,False,False,False,False,False,False,True,False,False,False,False,True,False,False,False,True,False,False,False,False,True,False,False,True,False,False,True,False,True,False,False,False,True,False,False,False,False,False,False,True,False,False,False,True,False,False,True,False,1990,9,2015,2
169,36,607351,500,1616.26,617804,50700,-57600,3,2,3,77440,14080,7040,56320,2004,False,False,False,False,True,False,False,False,False,False,False,False,False,False,False,True,False,False,True,False,False,False,False,False,True,False,False,False,True,False,False,False,True,False,False,False,True,False,True,False,False,False,False,True,False,False,False,True,False,False,False,False,True,False,False,False,False,True,1998,12,2015,2
235,40,682754,500,1398.94,613399,0,0,1,1,2,68300,6830,13660,47810,2003,False,False,False,False,False,False,False,False,False,False,False,True,False,False,True,False,False,False,True,False,False,False,False,False,True,False,False,False,True,False,False,True,False,False,False,True,False,False,False,False,True,False,False,False,True,False,True,False,False,False,False,False,False,False,True,False,False,True,1995,10,2015,1
112,32,757352,1000,1238.92,453400,57800,-53700,1,0,2,5060,460,920,3680,2012,False,False,False,False,False,False,True,False,False,False,False,False,False,False,False,False,True,False,True,False,False,False,False,False,False,False,True,False,False,True,False,False,True,False,False,False,False,True,False,True,False,False,False,False,True,True,False,False,False,False,False,False,False,False,False,True,False,True,1999,12,2015,2
16,32,307469,1000,968.46,615767,50800,-66200,3,0,2,59400,6600,13200,39600,1995,False,False,False,False,True,False,False,False,False,False,False,False,False,False,True,False,False,False,False,False,False,False,False,True,True,False,False,False,False,True,False,False,True,False,False,False,True,False,True,False,False,False,True,False,False,False,False,False,False,True,False,False,False,False,True,False,False,True,2002,7,2015,1
128,31,526296,500,1045.12,615311,0,-28300,3,0,2,69930,0,15540,54390,2013,False,False,False,False,False,True,False,False,False,False,False,False,False,False,True,False,False,False,True,False,False,False,False,False,True,False,False,False,True,False,False,False,True,False,True,False,False,False,True,False,False,False,True,False,False,False,False,True,False,False,False,False,False,False,True,False,True,False,1993,8,2015,1
103,27,658816,1000,1537.33,468470,0,-74800,3,1,1,77700,7770,15540,54390,2008,False,False,False,False,False,False,False,True,False,False,False,False,False,False,False,True,False,False,True,False,False,False,False,False,False,False,False,True,False,False,True,True,False,False,False,True,False,False,True,False,False,False,True,False,False,False,True,False,False,False,False,False,True,False,False,False,True,False,2007,12,2015,2
356,54,913337,500,912.3,461383,58500,-44000,3,2,1,68750,12500,12500,43750,2007,False,True,False,False,False,False,False,False,False,False,False,False,False,False,False,False,True,False,False,False,False,True,False,False,False,False,True,False,True,False,False,False,True,False,True,False,False,False,True,False,False,False,False,False,True,False,True,False,False,False,False,False,True,False,False,False,False,True,2008,2,2015,1
109,29,488464,2000,1007.28,457727,0,0,3,1,3,91080,16560,16560,57960,1995,False,False,False,False,False,False,False,True,False,False,False,False,False,False,False,False,True,False,True,False,False,False,False,False,False,False,False,True,True,False,False,False,False,True,False,True,False,False,True,False,False,False,True,False,False,False,False,True,False,False,False,False,False,False,True,False,True,False,2006,10,2015,2
2,20,480094,1000,1189.98,613327,0,-54700,1,1,3,48360,4030,8060,36270,2000,False,True,False,False,False,False,False,False,False,False,False,False,False,False,False,True,False,False,False,False,False,False,False,True,False,False,True,False,True,False,False,False,False,True,False,True,False,False,False,False,True,False,False,False,True,False,False,True,False,False,False,False,False,False,True,False,True,False,2003,3,2015,2
198,34,263108,1000,1576.41,614941,0,-55100,1,1,1,95000,9500,9500,76000,2001,False,False,False,False,False,True,False,False,False,False,False,False,False,False,False,False,True,False,False,False,False,False,False,True,False,False,True,False,False,False,True,False,False,True,True,False,False,False,False,False,True,False,False,True,False,True,False,False,False,False,False,False,False,False,True,False,False,True,2003,5,2015,2
107,32,298412,500,1172.82,440680,82100,0,1,1,3,3900,780,390,2730,2010,False,False,False,False,False,True,False,False,False,False,False,False,False,False,False,False,True,False,False,False,False,True,False,False,False,False,False,True,False,True,False,True,False,False,False,False,False,True,False,False,False,True,True,False,False,True,False,False,False,False,False,False,False,False,False,True,False,True,2002,5,2015,2
252,39,261905,500,1312.22,609949,0,-33300,3,0,3,59400,11880,5940,41580,2010,False,False,False,False,False,False,False,True,False,False,False,False,False,False,True,False,False,True,False,False,False,False,False,False,False,False,True,False,False,True,False,True,False,False,False,True,False,False,True,False,False,False,False,False,True,False,False,True,False,False,False,False,True,False,False,False,False,True,2004,2,2015,2
303,43,674485,1000,671.01,479655,42900,-61500,1,2,0,60210,6690,6690,46830,2013,False,False,False,False,False,False,False,False,False,True,False,False,False,False,False,False,True,True,False,False,False,False,False,False,False,True,False,False,False,True,False,False,True,False,False,True,False,False,False,False,True,False,False,False,True,True,False,False,False,False,False,False,False,True,False,False,True,False,1999,1,2015,1
101,32,223404,500,895.14,439964,52600,-30400,1,0,3,43600,8720,4360,30520,2010,False,False,False,False,False,False,False,False,False,False,False,True,False,False,True,False,False,False,False,False,False,True,False,False,True,False,False,False,False,True,False,False,False,True,False,True,False,False,False,False,True,False,False,True,False,False,False,False,True,False,False,False,True,False,False,False,False,True,2002,1,2015,1
446,57,991480,2000,1373.21,478486,42700,-64900,3,0,0,62800,6280,12560,43960,2012,False,False,False,False,False,False,False,True,False,False,False,False,False,False,False,True,False,False,False,False,False,True,False,False,False,False,False,True,True,False,False,True,False,False,False,False,True,False,True,False,False,False,True,False,False,False,True,False,False,False,False,False,True,False,False,False,False,True,1992,12,2015,2
330,48,804219,1000,1625.65,466498,0,0,1,1,3,59500,11900,5950,41650,2006,False,False,False,False,True,False,False,False,False,False,False,False,False,False,False,False,True,False,False,False,False,False,True,False,True,False,False,False,False,False,True,False,True,False,True,False,False,False,False,False,True,False,False,True,False,False,True,False,False,False,False,False,False,False,True,False,False,True,1998,6,2015,2
211,37,483088,2000,1295.63,430878,42200,-33800,3,1,0,53460,5940,5940,41580,2009,False,False,False,False,False,False,True,False,False,False,False,False,False,False,False,False,True,False,False,False,False,False,False,True,False,False,False,True,False,False,True,False,True,False,False,False,True,False,True,False,False,False,False,True,False,False,False,False,False,False,False,True,True,False,False,False,True,False,2011,1,2015,1
172,33,100804,1000,1459.96,600127,41300,-42000,3,0,1,41690,7580,7580,26530,1999,False,False,False,False,False,False,False,False,False,False,True,False,False,False,True,False,False,False,True,False,False,False,False,False,True,False,False,False,True,False,False,True,False,False,False,False,True,False,True,False,False,False,True,False,False,False,False,True,False,False,False,False,False,False,True,False,True,False,2012,2,2015,1
316,46,941807,500,1219.94,431968,0,-51000,1,0,1,63100,6310,12620,44170,2000,True,False,False,False,False,False,False,False,False,False,False,False,False,False,False,False,True,False,True,False,False,False,False,False,True,False,False,False,False,True,False,False,False,True,False,True,False,False,False,False,True,False,True,False,False,False,False,False,False,False,True,False,False,False,True,False,True,False,2011,6,2015,2
435,60,593466,500,1064.49,462804,73500,-43300,1,2,1,62880,5240,10480,47160,2007,False,False,False,False,False,False,False,False,True,False,False,False,False,False,False,False,True,False,False,False,False,False,False,True,True,False,False,False,True,False,False,False,True,False,False,False,True,False,False,False,True,False,False,False,True,True,False,False,False,False,False,False,True,False,False,False,False,True,2006,11,2015,2
344,51,437442,1000,959.83,435809,0,-38700,3,2,2,75400,17400,11600,46400,2006,False,False,True,False,False,False,False,False,False,False,False,False,False,False,True,False,False,False,True,False,False,False,False,False,False,True,False,False,False,True,False,False,False,True,True,False,False,False,True,False,False,False,True,False,False,False,False,False,False,False,True,False,False,False,True,False,True,False,2008,6,2015,2
204,40,942106,2000,1767.02,453193,0,-49300,1,1,1,46200,4200,8400,33600,1997,False,True,False,False,False,False,False,False,False,False,False,False,False,False,False,False,True,False,False,False,False,True,False,False,True,False,False,False,False,False,True,True,False,False,False,False,True,False,False,False,True,False,False,True,False,False,False,False,True,False,False,False,False,True,False,False,False,True,1993,8,2015,2
278,47,794951,500,1285.01,459630,0,-39800,1,2,2,58500,5850,5850,46800,2010,False,False,False,False,False,False,False,False,False,False,False,False,True,False,False,True,False,False,False,False,False,False,True,False,True,False,False,False,True,False,False,False,False,True,True,False,False,False,False,False,True,False,False,False,True,False,False,False,False,False,True,False,False,True,False,False,False,True,2008,4,2015,2
434,57,182450,2000,1422.95,608982,0,0,3,1,3,66240,11040,11040,44160,2003,False,False,False,False,False,False,False,False,False,True,False,False,False,False,False,False,True,False,False,False,False,True,False,False,False,False,True,False,True,False,False,True,False,False,True,False,False,False,True,False,False,False,False,False,True,False,False,False,True,False,False,False,False,True,False,False,False,True,2000,6,2015,1
209,36,730973,2000,1223.39,452218,0,0,3,1,3,65440,8180,8180,49080,2014,False,False,False,False,False,False,False,True,False,False,False,False,False,False,False,True,False,False,False,False,True,False,False,False,True,False,False,False,False,True,False,False,True,False,False,False,True,False,True,False,False,False,True,False,False,False,False,False,False,True,False,False,False,True,False,False,True,False,2010,1,2015,1
250,43,687755,2000,1539.06,434150,37800,0,1,0,3,64200,10700,10700,42800,2002,False,False,False,False,False,True,False,False,False,False,False,False,False,False,True,False,False,False,False,False,False,True,False,False,False,True,False,False,True,False,False,False,True,False,False,True,False,False,False,False,True,False,False,False,True,False,False,False,False,False,True,False,True,False,False,False,False,True,1990,3,2015,1
61,25,757644,2000,988.06,460579,0,0,3,1,0,32320,4040,4040,24240,2000,False,False,False,False,True,False,False,False,False,False,False,False,False,False,False,True,False,False,False,False,False,False,False,True,True,False,False,False,False,False,True,True,False,False,False,True,False,False,True,False,False,False,True,False,False,False,False,False,False,False,True,False,False,True,False,False,True,False,1998,1,2015,2
80,28,998865,1000,1740.57,442142,0,-18600,1,0,1,33480,3720,3720,26040,2011,False,False,False,False,True,False,False,False,False,False,False,False,False,False,True,False,False,False,False,False,False,True,False,False,False,False,False,True,False,True,False,False,True,False,True,False,False,False,False,False,True,False,False,False,True,False,True,False,False,False,False,False,False,True,False,False,True,False,2014,12,2015,1
25,38,944953,1000,1540.91,608807,40900,0,1,1,1,4320,480,960,2880,1995,False,False,False,False,False,False,False,False,False,False,False,False,True,False,False,False,True,False,False,False,False,False,True,False,False,False,True,False,True,False,False,False,False,True,False,False,False,True,False,False,False,True,False,True,False,False,True,False,False,False,False,False,False,False,False,True,False,True,1995,12,2015,2
4,29,386429,500,1381.88,433153,0,-77800,1,0,2,4200,840,420,2940,2008,False,False,False,False,False,False,False,True,False,False,False,False,False,False,True,False,False,False,False,False,False,True,False,False,False,False,False,True,True,False,False,False,True,False,False,False,False,True,False,False,False,True,False,True,False,False,False,True,False,False,False,False,False,False,False,True,False,True,2002,5,2015,2
32,29,108270,500,1446.98,436560,0,-45700,3,2,0,57970,10540,5270,42160,2006,False,False,False,False,False,False,False,False,False,False,True,False,False,False,False,False,True,False,True,False,False,False,False,False,True,False,False,False,False,False,True,True,False,False,False,True,False,False,True,False,False,False,True,False,False,False,False,False,False,True,False,False,True,False,False,False,False,True,2002,8,2015,2
125,31,205134,500,1220.86,436784,55400,-40400,1,1,2,4320,0,960,3360,2003,False,False,False,False,False,False,False,False,False,False,True,False,False,False,False,True,False,False,True,False,False,False,False,False,False,False,True,False,False,False,True,False,True,False,False,False,False,True,False,True,False,False,False,False,True,False,False,False,True,False,False,False,False,False,False,True,False,True,2012,12,2015,1
276,45,749325,500,948.1,430621,44500,-61400,3,0,2,69300,13860,6930,48510,2010,False,False,False,False,False,True,False,False,False,False,False,False,False,False,True,False,False,False,False,False,False,True,False,False,False,True,False,False,False,True,False,False,True,False,False,True,False,False,True,False,False,False,False,False,True,False,False,True,False,False,False,False,True,False,False,False,True,False,2000,3,2015,1
148,30,774303,500,1471.24,601574,57500,-93600,3,2,2,32480,4060,4060,24360,1997,False,False,False,False,True,False,False,False,False,False,False,False,False,False,False,False,True,True,False,False,False,False,False,False,False,False,False,True,True,False,False,True,False,False,False,True,False,False,True,False,False,False,True,False,False,False,False,False,False,False,True,False,False,False,True,False,True,False,2002,4,2015,1
222,38,698470,2000,1157.97,433853,0,-64500,1,2,2,60480,6720,6720,47040,2001,True,False,False,False,False,False,False,False,False,False,False,False,False,False,False,True,False,False,True,False,False,False,False,False,False,False,False,True,False,True,False,False,False,True,False,False,True,False,False,False,True,False,True,False,False,False,False,False,False,True,False,False,True,False,False,False,False,True,2008,6,2015,2
32,38,719989,2000,566.11,453164,0,0,1,0,0,2640,440,440,1760,2015,False,False,False,False,False,False,True,False,False,False,False,False,False,False,True,False,False,True,False,False,False,False,False,False,False,False,False,True,False,False,True,True,False,False,False,False,False,True,False,True,False,False,False,True,False,True,False,False,False,False,False,False,False,False,False,True,False,True,1994,4,2015,1
78,27,309323,500,1060.88,613931,0,-66500,1,0,3,6050,550,1100,4400,2009,False,False,False,False,False,False,False,False,False,False,False,False,False,True,False,False,True,False,False,False,False,True,False,False,False,False,False,True,True,False,False,True,False,False,False,False,False,True,False,True,False,False,False,False,True,False,False,False,True,False,False,False,False,False,False,True,False,True,1992,2,2015,2
238,43,444035,1000,1524.45,607458,0,-44800,4,0,0,42700,4270,4270,34160,1995,False,False,False,False,False,False,False,False,False,False,True,False,False,False,False,False,True,True,False,False,False,False,False,False,True,False,False,False,True,False,False,True,False,False,False,False,True,False,True,False,False,False,False,True,False,False,False,True,False,False,False,False,False,True,False,False,False,True,1996,5,2015,2
313,47,431478,1000,1556.17,463835,63900,-53300,1,1,3,40260,3660,7320,29280,1996,True,False,False,False,False,False,False,False,False,False,False,False,False,False,False,True,False,False,False,False,False,True,False,False,True,False,False,False,False,False,True,True,False,False,True,False,False,False,False,False,True,False,False,True,False,False,True,False,False,False,False,False,True,False,False,False,False,True,2013,4,2015,2
334,50,797634,500,1216.24,613945,26700,-47200,1,2,0,50000,5000,10000,35000,2008,False,False,False,True,False,False,False,False,False,False,False,False,False,False,False,False,True,False,True,False,False,False,False,False,False,True,False,False,True,False,False,False,True,False,True,False,False,False,False,False,True,False,False,False,True,False,False,False,False,False,True,False,False,True,False,False,False,True,2009,11,2015,1
190,35,284836,500,1484.72,432699,0,0,1,0,1,3840,640,320,2880,1998,False,False,False,False,False,False,False,False,False,False,True,False,False,False,False,True,False,False,True,False,False,False,False,False,False,False,True,False,True,False,False,True,False,False,False,False,False,True,False,True,False,False,False,True,False,False,False,True,False,False,False,False,False,False,False,True,True,False,2008,11,2015,2
194,41,238196,500,1203.81,613119,52500,-51300,3,0,2,95900,13700,20550,61650,1999,False,False,False,False,False,False,False,False,False,False,True,False,False,False,True,False,False,False,False,False,False,False,False,True,False,False,False,True,False,True,False,False,True,False,False,True,False,False,True,False,False,False,False,True,False,False,False,False,True,False,False,False,False,True,False,False,False,True,1993,2,2015,2
290,47,885789,1000,1393.34,472922,0,-61400,3,1,3,56160,6240,12480,37440,2002,False,True,False,False,False,False,False,False,False,False,False,False,False,False,False,True,False,False,False,False,False,False,False,True,True,False,False,False,False,False,True,False,False,True,False,True,False,False,True,False,False,False,False,True,False,False,False,True,False,False,False,False,False,False,True,False,False,True,2008,7,2015,1
26,42,287436,1000,1484.48,613849,50700,-36300,1,2,3,63030,5730,11460,45840,1996,False,False,False,False,False,False,False,False,False,False,True,False,False,False,False,False,True,False,False,False,False,True,False,False,False,False,False,True,True,False,False,False,True,False,True,False,False,False,False,False,True,False,True,False,False,False,False,False,False,False,False,True,False,False,True,False,False,True,2010,9,2015,2
254,41,496067,500,1581.27,603827,42200,-48000,1,2,2,63470,5770,11540,46160,1999,False,False,True,False,False,False,False,False,False,False,False,False,False,False,True,False,False,False,True,False,False,False,False,False,False,False,False,True,False,False,True,True,False,False,False,True,False,False,False,False,True,False,False,True,False,False,False,False,False,False,False,True,True,False,False,False,True,False,1995,12,2015,1
199,38,206004,1000,1281.25,467780,0,-53100,1,0,2,44440,8080,4040,32320,2007,False,False,True,False,False,False,False,False,False,False,False,False,False,False,True,False,False,False,False,False,False,False,False,True,False,False,False,True,False,True,False,True,False,False,True,False,False,False,False,False,True,False,False,True,False,False,False,True,False,False,False,False,True,False,False,False,True,False,1991,9,2015,2
137,35,153027,500,1667.83,460586,48500,-67400,1,1,1,6600,1200,1200,4200,2005,False,False,False,False,False,False,False,True,False,False,False,False,False,False,False,True,False,False,False,False,False,False,False,True,False,False,False,True,False,False,True,True,False,False,False,True,False,False,False,True,False,False,False,True,False,False,False,False,True,False,False,False,False,False,False,True,False,True,2010,3,2015,2
134,36,469426,1000,1497.41,613842,14100,-44500,3,2,0,77200,9650,9650,57900,1996,False,False,False,False,False,True,False,False,False,False,False,False,False,False,False,False,True,False,False,False,False,False,False,True,True,False,False,False,True,False,False,False,False,True,False,True,False,False,True,False,False,False,False,True,False,False,False,False,False,False,False,True,False,False,True,False,False,True,1990,7,2015,1
73,30,654974,500,803.36,435371,0,0,3,0,0,57000,0,11400,45600,2013,False,True,False,False,False,False,False,False,False,False,False,False,False,False,False,False,True,False,False,False,False,False,False,True,False,False,True,False,False,True,False,False,False,True,False,False,True,False,True,False,False,False,True,False,False,False,False,True,False,False,False,False,False,True,False,False,True,False,2009,5,2015,2
289,45,943425,2000,1221.41,466289,46700,-72500,1,2,1,2700,300,300,2100,2006,False,False,False,False,False,False,True,False,False,False,False,False,False,False,False,False,True,False,False,False,False,False,False,True,False,False,False,True,True,False,False,True,False,False,False,False,False,True,False,False,False,True,False,True,False,False,False,False,False,False,True,False,False,False,False,True,True,False,1999,10,2015,2
176,36,641845,500,1865.83,436173,32800,-50600,1,2,1,47300,4300,8600,34400,2006,False,False,False,False,False,False,False,False,False,False,False,False,False,True,False,False,True,False,False,False,False,False,False,True,False,False,False,True,False,True,False,False,False,True,False,False,True,False,False,False,True,False,False,True,False,False,True,False,False,False,False,False,False,True,False,False,False,True,1995,3,2015,2
145,37,794534,2000,1434.27,457234,0,-35900,1,2,3,55110,5010,10020,40080,2002,False,False,False,False,False,False,False,False,False,True,False,False,False,False,False,False,True,False,False,False,False,False,True,False,False,False,True,False,False,True,False,False,True,False,True,False,False,False,False,False,True,False,False,True,False,True,False,False,False,False,False,False,False,True,False,False,True,False,1991,12,2015,1
164,31,357808,500,1114.68,474758,44500,-55900,1,1,0,4320,480,480,3360,2002,False,False,False,False,False,False,False,False,True,False,False,False,False,False,False,True,False,False,False,False,False,True,False,False,False,False,False,True,False,False,True,True,False,False,False,False,False,True,False,False,False,True,False,False,True,True,False,False,False,False,False,False,False,False,False,True,True,False,2011,1,2015,1
186,38,536052,2000,1218.56,477373,39300,-60300,3,2,2,68760,11460,5730,51570,1998,False,False,False,False,False,False,False,False,False,False,True,False,False,False,False,False,True,False,False,False,False,False,True,False,False,False,False,True,False,False,True,False,True,False,False,False,True,False,True,False,False,False,False,True,False,False,False,False,False,False,True,False,True,False,False,False,True,False,2006,4,2015,3
85,31,873384,2000,1234.69,613471,0,0,2,2,1,74400,14880,7440,52080,2003,False,False,True,False,False,False,False,False,False,False,False,False,False,False,True,False,False,False,False,False,False,False,False,True,False,False,True,False,True,False,False,False,True,False,True,False,False,False,True,False,False,False,False,True,False,False,False,False,False,True,False,False,True,False,False,False,True,False,2004,3,2015,2
162,33,790225,500,964.92,601581,45700,0,4,2,1,35300,3530,3530,28240,1996,False,False,False,False,False,False,False,False,True,False,False,False,False,False,False,False,True,False,True,False,False,False,False,False,False,True,False,False,True,False,False,True,False,False,True,False,False,False,True,False,False,False,False,True,False,True,False,False,False,False,False,False,False,True,False,False,True,False,1991,1,2015,2
396,57,587498,500,1351.72,612102,0,-49400,1,1,3,2640,480,480,1680,2000,False,False,False,False,False,False,False,False,False,False,False,False,False,True,True,False,False,False,True,False,False,False,False,False,False,False,True,False,False,False,True,False,True,False,False,True,False,False,False,True,False,False,False,False,True,False,False,True,False,False,False,False,False,False,False,True,False,True,1996,10,2015,2
270,41,639027,1000,817.28,460263,62200,0,3,1,1,60190,4630,9260,46300,2014,False,False,False,False,False,False,False,False,True,False,False,False,False,False,True,False,False,False,False,False,False,True,False,False,True,False,False,False,False,True,False,True,False,False,False,False,True,False,True,False,False,False,False,True,False,False,False,True,False,False,False,False,False,True,False,False,False,True,1994,6,2015,1
168,39,217899,1000,1389.59,479134,0,-42600,3,1,3,41580,3780,7560,30240,2015,False,False,False,True,False,False,False,False,False,False,False,False,False,False,True,False,False,False,True,False,False,False,False,False,False,True,False,False,False,False,True,True,False,False,True,False,False,False,True,False,False,False,False,False,True,False,False,False,False,False,True,False,False,True,False,False,True,False,1994,6,2015,2
274,45,589094,1000,1353.53,451467,54700,-47900,1,0,0,58500,11700,0,46800,1995,True,False,False,False,False,False,False,False,False,False,False,False,False,False,False,True,False,False,True,False,False,False,False,False,True,False,False,False,False,False,True,True,False,False,False,True,False,False,False,False,True,False,False,True,False,False,False,False,True,False,False,False,False,False,True,False,True,False,2003,5,2015,1
263,43,458829,1000,1294.04,602670,0,0,1,2,3,79320,13220,6610,59490,1997,False,False,False,False,False,False,False,False,False,True,False,False,False,False,False,True,False,False,False,False,False,True,False,False,False,True,False,False,False,False,True,False,False,True,False,True,False,False,False,False,True,False,False,False,True,False,False,False,False,False,True,False,False,True,False,False,True,False,1996,7,2015,1
152,33,626208,1000,840.81,613607,0,0,1,0,2,82610,7510,7510,67590,2002,False,False,False,False,False,True,False,False,False,False,False,False,False,False,False,False,True,False,True,False,False,False,False,False,True,False,False,False,False,False,True,False,True,False,False,True,False,False,False,False,True,False,True,False,False,False,False,True,False,False,False,False,False,True,False,False,True,False,2005,5,2015,2
46,41,315041,2000,998.19,611556,43700,-66300,3,1,3,78600,13100,19650,45850,2004,False,False,False,False,True,False,False,False,False,False,False,False,False,False,False,False,True,False,False,False,False,True,False,False,True,False,False,False,True,False,False,False,True,False,False,False,True,False,True,False,False,False,True,False,False,False,False,False,False,True,False,False,False,True,False,False,True,False,2010,11,2015,1
276,46,283267,2000,1090.32,435518,0,-70400,1,1,2,51390,5710,5710,39970,2007,False,False,False,False,False,False,False,False,False,False,False,False,False,True,False,False,True,False,False,False,False,True,False,False,True,False,False,False,True,False,False,False,True,False,False,True,False,False,False,False,True,False,True,False,False,False,True,False,False,False,False,False,True,False,False,False,False,True,2012,7,2015,1
234,44,442494,500,1780.67,465942,0,0,1,1,0,70200,7020,7020,56160,2012,False,False,False,False,False,True,False,False,False,False,False,False,False,False,False,True,False,True,False,False,False,False,False,False,True,False,False,False,True,False,False,True,False,False,True,False,False,False,False,False,True,False,False,False,True,True,False,False,False,False,False,False,False,False,True,False,False,True,2002,6,2015,2
64,30,159243,2000,1681.01,446174,0,-51100,1,2,1,4900,490,1470,2940,2015,False,False,False,False,False,False,False,True,False,False,False,False,False,False,True,False,False,False,False,False,False,True,False,False,False,False,True,False,True,False,False,True,False,False,False,True,False,False,False,True,False,False,False,True,False,False,False,False,True,False,False,False,False,False,False,True,False,True,1991,9,2015,2
456,62,669800,1000,1395.77,611651,82600,-49500,3,1,3,66480,5540,11080,49860,2012,False,False,False,False,False,False,False,False,False,False,True,False,False,False,False,False,True,False,False,False,True,False,False,False,False,False,True,False,False,True,False,True,False,False,True,False,False,False,True,False,False,False,False,True,False,False,False,False,False,True,False,False,False,False,True,False,True,False,2009,6,2015,2
58,23,520179,2000,1471.44,446657,57500,0,1,2,1,50380,4580,9160,36640,2007,False,False,False,True,False,False,False,False,False,False,False,False,False,False,False,False,True,True,False,False,False,False,False,False,False,True,False,False,True,False,False,True,False,False,True,False,False,False,False,False,True,False,False,False,True,False,False,True,False,False,False,False,False,True,False,False,False,True,1992,5,2015,1
475,61,607974,500,1265.72,612506,0,-59500,1,0,2,64350,9900,9900,44550,1998,False,False,False,False,False,False,False,False,True,False,False,False,False,False,True,False,False,False,False,False,False,True,False,False,False,True,False,False,False,False,True,False,True,False,True,False,False,False,False,False,True,False,False,False,True,False,False,False,False,False,True,False,True,False,False,False,True,False,2004,8,2015,2
96,29,465065,1000,1274.7,618493,47500,-58700,3,2,3,55400,5540,11080,38780,2004,False,False,False,True,False,False,False,False,False,False,False,False,False,False,False,True,False,True,False,False,False,False,False,False,True,False,False,False,False,False,True,False,False,True,True,False,False,False,True,False,False,False,False,True,False,False,True,False,False,False,False,False,False,True,False,False,False,True,2006,12,2015,1
99,28,369941,500,1330.39,612664,0,0,1,2,2,49900,4990,9980,34930,1998,False,False,False,False,True,False,False,False,False,False,False,False,False,False,False,False,True,False,True,False,False,False,False,False,False,False,True,False,True,False,False,False,False,True,False,False,True,False,False,False,True,False,True,False,False,False,False,False,False,True,False,False,True,False,False,False,False,True,2007,7,2015,1
38,28,447226,500,1122.95,473653,78000,0,3,0,3,74880,12480,12480,49920,2000,True,False,False,False,False,False,False,False,False,False,False,False,False,False,False,False,True,False,False,False,False,False,False,True,True,False,False,False,True,False,False,False,False,True,False,True,False,False,True,False,False,False,False,False,True,False,False,False,False,False,True,False,False,False,True,False,False,True,1994,8,2015,2
259,44,831668,2000,1655.79,454529,0,0,1,0,0,105820,16280,16280,73260,2002,False,True,False,False,False,False,False,False,False,False,False,False,False,False,False,False,True,False,True,False,False,False,False,False,False,False,True,False,False,False,True,False,False,True,False,True,False,False,False,False,True,False,False,True,False,False,False,False,False,False,True,False,True,False,False,False,True,False,1996,4,2015,1
241,43,922937,1000,935.77,437422,0,-36000,1,1,0,7150,1300,650,5200,2003,False,False,False,False,False,False,False,False,False,False,False,False,False,True,False,True,False,False,False,False,True,False,False,False,False,False,False,True,True,False,False,False,False,True,False,False,False,True,False,False,False,True,False,True,False,True,False,False,False,False,False,False,False,False,False,True,False,True,1992,12,2015,2
437,58,640474,2000,1192.04,619470,66100,-31400,1,0,0,55800,11160,11160,33480,2004,False,False,False,False,True,False,False,False,False,False,False,False,False,False,False,True,False,False,False,False,False,True,False,False,True,False,False,False,False,False,True,True,False,False,False,False,True,False,False,False,True,False,False,False,True,True,False,False,False,False,False,False,True,False,False,False,False,True,2010,8,2015,1
130,34,153298,500,990.11,442666,0,-41200,1,1,3,5830,1060,1060,3710,2015,False,False,False,False,True,False,False,False,False,False,False,False,False,False,False,False,True,False,True,False,False,False,False,False,False,False,True,False,False,True,False,False,False,True,False,False,False,True,False,True,False,False,True,False,False,False,False,False,False,False,True,False,False,False,False,True,False,True,2009,3,2015,1
269,41,334749,2000,1422.21,620507,0,-46400,1,2,1,85900,17180,17180,51540,2005,False,False,False,False,False,False,False,False,False,False,False,True,False,False,False,False,True,False,False,False,False,False,False,True,True,False,False,False,False,False,True,True,False,False,True,False,False,False,False,False,True,False,True,False,False,True,False,False,False,False,False,False,False,False,True,False,True,False,1996,7,2015,1
103,29,221283,500,914.85,614867,72100,0,1,2,3,7110,790,1580,4740,2005,True,False,False,False,False,False,False,False,False,False,False,False,False,False,False,False,True,False,False,True,False,False,False,False,False,False,False,True,True,False,False,True,False,False,False,True,False,False,False,True,False,False,False,False,True,True,False,False,False,False,False,False,False,False,False,True,False,True,1994,8,2015,2
284,43,961496,500,1123.84,609898,48200,0,3,0,0,36960,6720,3360,26880,2007,False,False,False,True,False,False,False,False,False,False,False,False,False,False,True,False,False,False,False,False,False,False,False,True,False,True,False,False,True,False,False,False,False,True,False,False,True,False,True,False,False,False,False,True,False,False,False,False,False,False,False,True,False,False,True,False,False,True,1992,1,2015,1
189,39,804751,2000,838.02,450702,0,0,3,2,0,64400,6440,6440,51520,1997,False,False,False,False,True,False,False,False,False,False,False,False,False,False,False,False,True,False,False,False,False,False,True,False,False,False,False,True,False,True,False,False,False,True,False,True,False,False,True,False,False,False,False,True,False,False,True,False,False,False,False,False,False,True,False,False,True,False,1997,9,2015,2
267,43,369226,500,1300.68,600418,49000,0,1,1,3,1920,480,0,1440,2011,False,False,False,True,False,False,False,False,False,False,False,False,False,False,False,False,True,True,False,False,False,False,False,False,False,False,True,False,True,False,False,False,False,True,False,True,False,False,False,True,False,False,False,True,False,False,False,False,False,False,False,True,False,False,False,True,False,True,2002,2,2015,1
39,22,691115,500,1173.21,431202,0,0,1,0,1,86130,15660,7830,62640,2009,False,False,False,False,False,False,False,False,False,False,False,True,False,False,False,True,False,False,False,False,False,True,False,False,False,False,False,True,False,False,True,False,False,True,True,False,False,False,False,False,True,False,False,False,True,False,False,False,True,False,False,False,False,True,False,False,False,True,1993,1,2015,2
140,32,713172,1000,985.97,457793,0,0,1,2,3,82170,14940,7470,59760,1995,False,False,False,True,False,False,False,False,False,False,False,False,False,False,True,False,False,False,False,False,False,False,True,False,False,True,False,False,False,True,False,False,True,False,True,False,False,False,False,False,True,False,False,True,False,False,True,False,False,False,False,False,False,False,True,False,True,False,1996,10,2015,2
243,41,621756,1000,1129.23,470190,17300,-60400,1,1,0,50300,10060,5030,35210,1999,False,False,False,False,False,False,False,False,False,False,False,True,False,False,False,True,False,False,False,False,False,False,False,True,False,True,False,False,False,True,False,False,False,True,True,False,False,False,False,False,True,False,True,False,False,False,True,False,False,False,False,False,True,False,False,False,True,False,1997,4,2015,2
116,31,615116,500,1194.83,603733,28600,0,1,0,0,44200,4420,8840,30940,1997,False,False,False,False,False,False,False,False,False,False,False,True,False,False,False,True,False,False,False,False,False,True,False,False,False,False,False,True,True,False,False,True,False,False,True,False,False,False,False,False,True,False,False,True,False,False,False,False,False,True,False,False,False,False,True,False,True,False,2008,11,2015,1
219,43,947598,1000,1114.29,465136,51300,0,1,2,2,66660,6060,6060,54540,2006,False,False,False,False,False,False,False,False,False,False,False,False,True,False,False,True,False,False,False,False,False,False,True,False,True,False,False,False,False,True,False,False,False,True,True,False,False,False,False,False,True,False,True,False,False,False,False,True,False,False,False,False,False,False,True,False,True,False,2002,6,2015,1
96,26,658002,2000,1509.04,611723,10000,0,1,2,3,78320,7120,14240,56960,2007,False,False,False,False,False,False,False,False,False,False,True,False,False,False,False,False,True,False,False,False,False,True,False,False,True,False,False,False,False,False,True,True,False,False,False,False,True,False,False,False,True,False,False,True,False,True,False,False,False,False,False,False,True,False,False,False,True,False,2005,10,2015,2
149,34,374545,500,664.86,608963,0,-60000,1,0,1,105040,16160,16160,72720,1999,False,False,False,False,True,False,False,False,False,False,False,False,False,False,False,True,False,False,False,False,False,False,False,True,False,True,False,False,False,True,False,True,False,False,False,False,True,False,False,False,True,False,False,True,False,False,False,False,False,False,False,True,False,True,False,False,True,False,2005,8,2015,2
246,43,805806,1000,1267.4,454139,0,0,1,2,1,50700,5070,5070,40560,2006,True,False,False,False,False,False,False,False,False,False,False,False,False,False,False,True,False,False,True,False,False,False,False,False,False,True,False,False,True,False,False,False,True,False,False,True,False,False,False,False,True,False,False,True,False,False,False,False,True,False,False,False,False,False,True,False,False,True,2013,1,2015,2
293,45,235097,1000,1119.23,447560,51500,0,3,1,1,51210,11380,5690,34140,2015,False,False,False,False,False,False,False,True,False,False,False,False,False,False,True,False,False,False,False,False,False,False,False,True,False,True,False,False,True,False,False,True,False,False,False,False,True,False,True,False,False,False,True,False,False,False,False,False,False,True,False,False,True,False,False,False,True,False,1992,4,2015,2
339,48,290971,500,1698.51,444378,0,0,3,2,1,51840,8640,8640,34560,2001,False,False,False,False,False,False,False,False,False,False,False,False,False,True,False,False,True,False,False,False,False,True,False,False,False,True,False,False,True,False,False,False,True,False,False,False,True,False,True,False,False,False,True,False,False,False,False,False,True,False,False,False,False,True,False,False,False,True,2005,10,2015,2
160,33,180286,1000,1422.78,616583,61600,0,3,2,3,52800,5280,5280,42240,2006,False,False,False,False,False,False,False,False,False,True,False,False,False,False,True,False,False,True,False,False,False,False,False,False,True,False,False,False,False,True,False,False,False,True,False,False,True,False,True,False,False,False,False,False,True,False,False,True,False,False,False,False,True,False,False,False,True,False,2009,2,2015,1
224,42,662088,500,1212.75,455913,0,-51400,1,0,0,55200,9200,13800,32200,1998,False,False,False,False,False,False,True,False,False,False,False,False,False,False,False,False,True,False,False,False,False,False,False,True,False,True,False,False,False,True,False,False,False,True,False,True,False,False,False,False,True,False,False,False,True,False,True,False,False,False,False,False,True,False,False,False,True,False,2005,3,2015,1
194,34,884365,1000,1423.34,454399,55300,-37900,1,0,3,9100,1400,1400,6300,2003,False,False,False,True,False,False,False,False,False,False,False,False,False,False,False,True,False,False,False,False,False,False,False,True,False,False,True,False,False,False,True,True,False,False,False,True,False,False,False,False,False,True,True,False,False,True,False,False,False,False,False,False,False,False,False,True,False,True,1994,5,2015,1
385,51,178081,1000,976.37,602842,0,-61000,3,1,3,67600,13520,6760,47320,2007,False,False,False,False,False,False,False,False,False,False,False,True,False,False,False,True,False,False,False,False,False,False,False,True,False,False,True,False,False,True,False,False,True,False,False,True,False,False,True,False,False,False,False,True,False,False,False,False,False,True,False,False,False,True,False,False,True,False,1990,7,2015,2
100,33,507452,500,1124.59,459428,67300,0,1,1,2,40800,6800,6800,27200,2004,False,False,True,False,False,False,False,False,False,False,False,False,False,False,False,False,True,True,False,False,False,False,False,False,False,False,True,False,True,False,False,True,False,False,False,True,False,False,False,False,True,False,False,True,False,False,True,False,False,False,False,False,False,True,False,False,False,True,2005,4,2015,2
371,50,990624,1000,1569.33,613114,79600,0,3,2,1,84500,13000,13000,58500,2011,False,False,False,False,False,False,False,False,False,False,False,False,False,True,False,True,False,False,False,False,False,False,False,True,False,False,True,False,True,False,False,False,False,True,True,False,False,False,True,False,False,False,False,True,False,False,False,False,False,False,False,True,False,False,True,False,False,True,1994,2,2015,1
175,39,892148,500,1359.36,450709,0,-43600,3,2,2,71610,13020,6510,52080,2012,False,False,False,False,False,False,False,False,False,False,False,False,True,False,False,True,False,False,False,False,False,True,False,False,False,False,True,False,False,False,True,False,False,True,True,False,False,False,True,False,False,False,False,False,True,False,False,False,False,False,False,True,True,False,False,False,False,True,1995,3,2015,2
373,55,398683,500,1607.36,444626,0,0,4,0,2,60600,6060,12120,42420,2007,False,False,False,False,True,False,False,False,False,False,False,False,False,False,False,True,False,False,False,False,False,True,False,False,False,False,True,False,False,True,False,True,False,False,True,False,False,False,True,False,False,False,False,True,False,False,False,False,False,True,False,False,False,True,False,False,False,True,2007,4,2015,1
258,41,605100,500,1042.25,601206,0,-44400,3,2,3,81240,6770,20310,54160,2008,False,False,False,False,False,False,False,False,True,False,False,False,False,False,True,False,False,True,False,False,False,False,False,False,False,True,False,False,True,False,False,True,False,False,True,False,False,False,True,False,False,False,True,False,False,False,False,False,False,False,True,False,False,True,False,False,False,True,2001,2,2015,2
255,39,143109,500,1453.95,470389,38200,0,3,0,3,29300,2930,5860,20510,2010,False,True,False,False,False,False,False,False,False,False,False,False,False,False,False,False,True,False,False,False,False,False,False,True,False,True,False,False,False,False,True,True,False,False,False,False,True,False,True,False,False,False,False,True,False,False,False,False,False,False,False,True,False,False,True,False,True,False,2001,7,2015,1
37,31,230223,500,1969.63,615218,0,0,3,1,1,76450,6950,13900,55600,1995,False,False,False,False,True,False,False,False,False,False,False,False,False,False,True,False,False,False,False,False,False,False,False,True,False,True,False,False,True,False,False,False,False,True,False,False,True,False,True,False,False,False,False,False,True,False,False,False,False,True,False,False,False,False,True,False,True,False,2008,9,2015,2
322,44,769602,1000,1156.19,606249,49900,-62700,3,0,3,49400,9880,4940,34580,2010,False,False,False,False,False,False,False,True,False,False,False,False,False,False,True,False,False,False,True,False,False,False,False,False,False,True,False,False,False,False,True,False,True,False,True,False,False,False,True,False,False,False,True,False,False,False,True,False,False,False,False,False,False,False,True,False,True,False,2004,12,2015,2
204,38,420815,2000,1124.47,616161,0,-45100,1,0,1,90530,16460,16460,57610,2003,False,False,False,False,False,True,False,False,False,False,False,False,False,False,True,False,False,False,False,False,False,True,False,False,True,False,False,False,True,False,False,False,True,False,False,False,True,False,False,False,True,False,True,False,False,False,False,False,False,True,False,False,False,False,True,False,True,False,2000,11,2015,2
76,31,973546,500,1493.5,442335,39900,-44000,1,2,1,8030,1460,730,5840,1995,False,False,False,False,False,False,False,False,True,False,False,False,False,False,False,False,True,False,False,False,False,False,False,True,False,False,False,True,True,False,False,True,False,False,False,True,False,False,False,False,False,True,False,False,True,True,False,False,False,False,False,False,False,False,False,True,True,False,2007,3,2015,1
193,40,608039,500,1155.38,604952,34200,-32300,1,0,0,63900,6390,6390,51120,2001,True,False,False,False,False,False,False,False,False,False,False,False,False,False,True,False,False,False,True,False,False,False,False,False,False,True,False,False,True,False,False,False,False,True,False,True,False,False,False,False,True,False,True,False,False,False,False,False,False,False,False,True,False,False,True,False,True,False,2004,12,2015,1
405,55,250162,500,878.19,441533,57100,0,4,0,2,38640,4830,4830,28980,1997,False,False,False,True,False,False,False,False,False,False,False,False,False,False,True,False,False,True,False,False,False,False,False,False,False,True,False,False,False,False,True,True,False,False,False,True,False,False,True,False,False,False,False,True,False,False,False,False,False,False,False,True,False,True,False,False,False,True,1999,7,2015,3
435,58,786432,2000,1145.85,471784,0,-40000,3,1,1,41490,9220,4610,27660,2004,False,False,False,False,False,False,False,False,True,False,False,False,False,False,False,True,False,False,True,False,False,False,False,False,False,False,True,False,False,True,False,False,False,True,False,False,True,False,True,False,False,False,True,False,False,False,False,False,True,False,False,False,False,True,False,False,False,True,1997,11,2015,1
54,35,445195,500,1261.28,453265,68500,-42100,3,2,0,79090,14380,7190,57520,2012,False,False,False,False,False,False,False,False,False,True,False,False,False,False,False,True,False,False,False,False,False,False,True,False,False,True,False,False,False,False,True,False,True,False,False,True,False,False,True,False,False,False,True,False,False,False,False,False,False,True,False,False,False,False,True,False,True,False,2010,9,2015,2
144,35,938634,500,1427.46,444922,0,0,3,0,0,87900,17580,8790,61530,1995,False,False,False,False,True,False,False,False,False,False,False,False,False,False,True,False,False,False,False,False,False,False,False,True,False,False,False,True,False,True,False,False,True,False,True,False,False,False,True,False,False,False,True,False,False,False,False,True,False,False,False,False,False,False,True,False,False,True,1993,8,2015,1
92,32,482495,500,1592.41,474324,58900,-29100,1,2,3,53400,5340,5340,42720,1996,False,False,False,False,False,False,False,True,False,False,False,False,False,False,True,False,False,False,False,False,False,False,False,True,True,False,False,False,False,True,False,False,False,True,False,False,True,False,False,False,True,False,False,False,True,False,False,False,False,False,True,False,False,True,False,False,False,True,1998,1,2015,2
173,36,796005,1000,1274.63,441298,51000,0,1,2,3,52030,9460,9460,33110,1995,True,False,False,False,False,False,False,False,False,False,False,False,False,False,False,False,True,False,False,False,False,True,False,False,False,True,False,False,False,False,True,True,False,False,False,False,True,False,False,False,True,False,False,True,False,False,True,False,False,False,False,False,False,True,False,False,False,True,2007,8,2015,2
436,60,910604,500,1362.31,446606,67600,-65300,1,0,2,82060,14920,7460,59680,2005,False,False,False,False,False,False,False,False,False,False,True,False,False,False,False,True,False,False,False,False,False,False,True,False,True,False,False,False,True,False,False,True,False,False,False,True,False,False,False,False,True,False,False,True,False,False,False,True,False,False,False,False,True,False,False,False,False,True,1992,4,2015,1
155,35,327488,1000,919.37,459537,83600,0,1,0,3,48360,8060,8060,32240,1997,False,False,False,False,False,False,False,False,False,True,False,False,False,False,False,False,True,False,True,False,False,False,False,False,True,False,False,False,False,True,False,False,True,False,False,True,False,False,False,False,True,False,False,True,False,True,False,False,False,False,False,False,True,False,False,False,True,False,1993,8,2015,1
78,31,715202,1000,1377.23,440757,72600,0,3,2,1,52290,5810,11620,34860,1997,False,False,False,False,False,False,False,False,False,True,False,False,False,False,False,False,True,False,True,False,False,False,False,False,False,False,True,False,False,True,False,False,True,False,False,True,False,False,True,False,False,False,False,True,False,False,False,False,False,False,True,False,False,False,True,False,True,False,1991,4,2015,3
440,57,648852,1000,995.55,604948,51500,-52100,3,0,3,68200,12400,12400,43400,2007,False,False,False,False,False,False,False,True,False,False,False,False,False,False,True,False,False,False,False,False,False,True,False,False,False,False,False,True,False,False,True,False,True,False,True,False,False,False,True,False,False,False,True,False,False,False,True,False,False,False,False,False,False,True,False,False,False,True,2007,3,2015,2
264,43,516959,500,1508.12,433275,0,0,3,2,1,60750,13500,6750,40500,2015,False,False,False,False,False,False,False,True,False,False,False,False,False,False,True,False,False,False,True,False,False,False,False,False,False,False,True,False,False,True,False,True,False,False,True,False,False,False,True,False,False,False,True,False,False,False,False,False,False,False,False,True,False,True,False,False,False,True,2010,5,2015,1
66,30,984456,500,484.67,608309,21100,-60800,3,0,2,65560,11920,11920,41720,2015,False,False,False,False,False,False,False,False,False,False,False,False,False,True,False,True,False,False,False,False,False,True,False,False,False,True,False,False,False,True,False,False,False,True,True,False,False,False,True,False,False,False,False,False,True,False,True,False,False,False,False,False,True,False,False,False,True,False,2003,6,2015,1
366,50,801331,1000,1561.41,462767,21200,0,3,1,3,70290,12780,12780,44730,2012,False,False,False,False,False,False,False,False,True,False,False,False,False,False,False,True,False,False,True,False,False,False,False,False,False,False,False,True,False,False,True,True,False,False,False,True,False,False,True,False,False,False,False,False,True,False,False,True,False,False,False,False,False,True,False,False,True,False,1990,7,2015,1
188,37,786103,500,1457.21,471785,46300,0,1,2,0,45000,5000,5000,35000,2003,False,False,False,False,False,False,False,False,False,False,False,True,False,False,False,False,True,False,False,False,False,True,False,False,True,False,False,False,False,True,False,False,False,True,False,False,True,False,False,False,True,False,True,False,False,False,False,False,True,False,False,False,False,True,False,False,True,False,1994,9,2015,1
224,39,684193,1000,1128.71,601397,0,-47100,3,2,1,61800,12360,6180,43260,2007,False,False,False,False,False,False,False,False,False,False,False,True,False,False,True,False,False,False,False,False,False,False,True,False,False,True,False,False,False,False,True,False,True,False,False,False,True,False,True,False,False,False,False,False,True,False,False,False,True,False,False,False,False,True,False,False,True,False,2012,6,2015,2
253,46,247505,500,1358.2,477636,52900,0,3,0,0,64570,5870,11740,46960,2001,False,False,False,False,False,False,False,True,False,False,False,False,False,False,True,False,False,False,True,False,False,False,False,False,True,False,False,False,False,False,True,True,False,False,True,False,False,False,True,False,False,False,True,False,False,False,False,False,False,True,False,False,True,False,False,False,True,False,2006,4,2015,2
446,61,259792,1000,1232.79,441967,49900,-62100,1,2,0,70500,7050,14100,49350,2007,False,False,False,False,False,False,False,False,False,False,False,True,False,False,True,False,False,False,False,False,False,False,True,False,False,False,True,False,False,False,True,False,False,True,False,True,False,False,False,False,True,False,True,False,False,False,False,True,False,False,False,False,False,True,False,False,True,False,1999,4,2015,1
169,37,185124,1000,936.19,454776,70600,-48500,3,2,1,57900,17370,5790,34740,2005,False,True,False,False,False,False,False,False,False,False,False,False,False,False,True,False,False,False,False,False,False,True,False,False,False,False,False,True,False,True,False,False,False,True,False,False,True,False,True,False,False,False,True,False,False,False,False,False,True,False,False,False,False,False,True,False,False,True,2001,12,2015,2
255,46,760700,500,1302.34,431532,0,-52600,3,1,0,57860,5260,10520,42080,2011,False,False,False,False,False,False,False,False,False,False,False,False,False,True,True,False,False,False,False,False,False,False,False,True,False,True,False,False,True,False,False,True,False,False,False,True,False,False,True,False,False,False,False,True,False,False,False,False,True,False,False,False,True,False,False,False,True,False,2006,11,2015,1
209,39,362407,500,1264.99,614169,67800,0,1,1,1,37800,8400,4200,25200,1995,False,False,False,True,False,False,False,False,False,False,False,False,False,False,False,True,False,False,False,False,False,False,True,False,False,True,False,False,False,True,False,True,False,False,False,True,False,False,False,False,True,False,True,False,False,False,False,False,False,False,False,True,False,False,True,False,False,True,1996,12,2015,1
210,37,389525,500,1467.76,601425,38700,-33100,1,1,3,63300,6330,6330,50640,2000,False,False,False,False,False,False,False,False,False,False,False,False,True,False,False,False,True,False,True,False,False,False,False,False,True,False,False,False,False,True,False,False,False,True,False,False,True,False,False,False,True,False,False,False,True,False,False,False,False,True,False,False,True,False,False,False,True,False,2012,7,2015,2
174,33,179538,2000,1124.43,477346,0,0,3,0,1,44200,8840,4420,30940,1995,False,False,False,False,False,False,False,False,False,False,True,False,False,False,False,True,False,False,False,False,False,False,False,True,True,False,False,False,False,False,True,False,False,True,False,False,True,False,True,False,False,False,False,True,False,False,True,False,False,False,False,False,False,True,False,False,True,False,2014,4,2015,1
70,28,265437,1000,1319.81,613587,67200,-59400,4,1,0,31680,3520,3520,24640,2006,False,False,False,False,False,False,False,False,False,False,False,False,True,False,True,False,False,False,False,False,False,False,False,True,False,False,False,True,True,False,False,False,False,True,False,True,False,False,True,False,False,False,False,True,False,False,False,True,False,False,False,False,False,False,True,False,False,True,2003,10,2015,1
89,32,266247,2000,1482.53,620358,49100,-45100,1,1,2,100,10,20,70,2002,False,True,False,False,False,False,False,False,False,False,False,False,False,False,False,True,False,False,False,False,False,False,False,True,False,False,False,True,False,False,True,False,True,False,False,False,False,True,False,True,False,False,True,False,False,False,False,False,False,True,False,False,False,False,False,True,True,False,2015,1,2015,1
458,61,921851,1000,1328.18,617699,53000,0,1,2,1,56340,6260,6260,43820,2003,False,False,False,False,False,False,False,False,False,False,False,False,False,True,False,True,False,False,False,False,False,False,False,True,False,True,False,False,True,False,False,True,False,False,False,True,False,False,False,False,True,False,True,False,False,False,False,True,False,False,False,False,True,False,False,False,True,False,1992,12,2015,2
239,40,488724,500,1463.95,430567,0,0,3,0,0,69740,6340,6340,57060,2003,False,False,False,False,True,False,False,False,False,False,False,False,False,False,False,True,False,True,False,False,False,False,False,False,False,False,False,True,False,True,False,False,False,True,False,False,True,False,True,False,False,False,True,False,False,False,False,False,True,False,False,False,False,True,False,False,True,False,2004,11,2015,2
161,38,192524,2000,1133.85,439870,60200,0,3,2,2,60480,5040,15120,40320,2003,False,False,False,False,False,False,False,False,False,False,False,False,False,True,True,False,False,False,False,False,False,False,False,True,False,False,False,True,False,False,True,False,False,True,False,False,True,False,True,False,False,False,True,False,False,False,False,False,False,False,False,True,True,False,False,False,False,True,2004,1,2015,1
446,61,338070,1000,1037.32,438837,0,-15700,3,2,1,80880,6740,13480,60660,2005,False,False,False,False,False,False,False,False,False,True,False,False,False,False,False,True,False,True,False,False,False,False,False,False,False,False,False,True,False,True,False,True,False,False,False,True,False,False,True,False,False,False,False,False,True,False,False,True,False,False,False,False,False,True,False,False,True,False,2006,1,2015,1
476,61,865607,1000,1562.8,458997,42800,-68200,1,1,2,49390,8980,4490,35920,2009,False,False,False,False,False,False,False,False,False,False,False,True,False,False,False,True,False,False,False,False,False,False,False,True,False,True,False,False,False,True,False,False,False,True,False,False,True,False,False,False,True,False,False,True,False,False,False,False,False,False,True,False,True,False,False,False,True,False,1993,4,2015,1
70,29,963285,1000,1425.79,604147,62400,-52300,1,0,3,69360,11560,11560,46240,2009,False,False,False,False,True,False,False,False,False,False,False,False,False,False,False,True,False,True,False,False,False,False,False,False,True,False,False,False,True,False,False,False,True,False,False,True,False,False,False,False,True,False,True,False,False,False,False,False,False,True,False,False,True,False,False,False,True,False,2006,12,2015,1
233,41,728491,2000,1615.14,606638,67100,0,1,0,1,3740,680,680,2380,2011,False,False,False,True,False,False,False,False,False,False,False,False,False,False,False,False,True,False,True,False,False,False,False,False,False,False,True,False,True,False,False,False,True,False,False,True,False,False,False,False,False,True,False,False,True,True,False,False,False,False,False,False,False,False,False,True,True,False,1997,8,2015,1
122,33,553436,500,1236.5,619620,0,-48700,1,0,1,5060,460,920,3680,2003,False,False,False,False,False,False,False,False,False,True,False,False,False,False,True,False,False,False,True,False,False,False,False,False,False,False,True,False,True,False,False,True,False,False,False,False,False,True,False,True,False,False,False,True,False,False,False,False,False,False,False,True,False,False,False,True,False,True,1991,6,2015,2
335,48,440616,2000,1017.97,441671,59900,-34800,3,0,0,35860,3260,6520,26080,2005,False,False,True,False,False,False,False,False,False,False,False,False,False,False,True,False,False,False,False,False,False,False,False,True,False,False,False,True,True,False,False,False,False,True,False,False,True,False,True,False,False,False,False,False,True,False,False,False,False,True,False,False,True,False,False,False,True,False,1995,9,2015,2
257,40,463237,2000,1306.0,610381,46100,-46900,3,2,1,50050,7700,3850,38500,2008,False,False,False,False,False,True,False,False,False,False,False,False,False,False,False,True,False,False,True,False,False,False,False,False,True,False,False,False,False,False,True,False,True,False,True,False,False,False,True,False,False,False,True,False,False,True,False,False,False,False,False,False,True,False,False,False,False,True,2000,2,2015,2
85,27,753452,2000,1174.14,602416,50400,-61500,4,0,0,59070,10740,5370,42960,2012,False,False,False,False,False,False,False,False,False,False,False,False,True,False,True,False,False,False,True,False,False,False,False,False,False,True,False,False,False,False,True,True,False,False,False,True,False,False,True,False,False,False,False,False,True,False,True,False,False,False,False,False,False,True,False,False,False,True,1996,7,2015,2
133,30,920554,1000,1231.01,459562,0,-31700,3,1,2,28440,3160,3160,22120,2007,False,False,False,False,True,False,False,False,False,False,False,False,False,False,False,True,False,False,False,False,False,True,False,False,False,True,False,False,True,False,False,False,True,False,False,True,False,False,True,False,False,False,False,False,True,False,True,False,False,False,False,False,True,False,False,False,False,True,2005,9,2015,2
119,34,594783,500,1299.18,463271,57100,0,1,2,1,45540,8280,8280,28980,1998,False,False,False,False,False,False,True,False,False,False,False,False,False,False,True,False,False,False,False,True,False,False,False,False,False,True,False,False,False,False,True,False,False,True,True,False,False,False,False,False,True,False,False,True,False,False,True,False,False,False,False,False,True,False,False,False,True,False,2011,12,2015,1
169,34,725330,500,1469.75,458132,0,-57600,1,0,0,38700,7740,3870,27090,2012,False,False,False,False,False,False,False,False,False,False,False,False,False,True,False,True,False,False,False,False,False,False,True,False,False,True,False,False,False,True,False,False,False,True,False,True,False,False,False,False,True,False,True,False,False,False,False,False,True,False,False,False,False,True,False,False,True,False,1996,7,2015,1
225,39,607259,500,1390.72,448949,83900,-52100,1,2,1,5830,1060,530,4240,2011,False,False,False,False,False,False,False,False,False,True,False,False,False,False,False,False,True,False,False,False,False,True,False,False,False,False,True,False,False,False,True,False,False,True,False,False,False,True,False,True,False,False,False,True,False,False,False,False,False,False,True,False,False,False,False,True,False,True,1996,4,2015,2
84,32,979336,500,1694.09,603732,0,0,1,0,2,57240,4770,9540,42930,1995,False,False,True,False,False,False,False,False,False,False,False,False,False,False,True,False,False,False,True,False,False,False,False,False,False,False,True,False,False,False,True,False,True,False,False,False,True,False,False,False,True,False,False,False,True,True,False,False,False,False,False,False,False,True,False,False,True,False,2001,3,2015,1
169,39,865201,2000,1140.15,608929,0,-36800,3,0,3,46200,4200,8400,33600,2015,False,False,False,False,False,False,False,False,False,False,False,True,False,False,False,False,True,False,False,False,False,False,True,False,False,False,False,True,False,False,True,True,False,False,False,False,True,False,True,False,False,False,True,False,False,False,False,True,False,False,False,False,False,True,False,False,False,True,2001,10,2015,1
124,32,140977,1000,1310.71,469875,29300,0,1,0,1,57700,5770,5770,46160,2003,False,False,False,False,False,False,False,False,False,False,False,False,True,False,False,True,False,False,True,False,False,False,False,False,True,False,False,False,False,False,True,True,False,False,False,False,True,False,False,False,True,False,True,False,False,False,False,False,False,False,True,False,False,False,True,False,True,False,2006,8,2015,2
320,48,787351,2000,1730.49,443342,46300,-41700,3,2,0,56160,4680,9360,42120,1995,False,False,False,False,False,False,False,False,False,False,True,False,False,False,True,False,False,False,False,False,False,False,False,True,False,True,False,False,True,False,False,True,False,False,False,True,False,False,True,False,False,False,False,True,False,False,True,False,False,False,False,False,True,False,False,False,False,True,2013,4,2015,1
297,47,272330,500,1616.65,456363,0,-59500,3,0,3,44400,5550,5550,33300,1999,False,False,False,False,False,False,False,True,False,False,False,False,False,False,False,True,False,False,False,False,False,False,False,True,False,True,False,False,False,True,False,False,False,True,False,False,True,False,True,False,False,False,False,True,False,False,False,False,False,True,False,False,False,False,True,False,False,True,2009,11,2015,1
421,56,728025,500,1935.85,470826,49500,-81100,1,2,3,92730,16860,8430,67440,2004,False,False,False,False,False,False,False,False,True,False,False,False,False,False,False,True,False,False,True,False,False,False,False,False,True,False,False,False,False,True,False,False,True,False,True,False,False,False,False,False,True,False,True,False,False,False,False,False,False,False,True,False,False,True,False,False,False,True,1990,2,2015,1
136,33,804608,1000,855.14,458582,37900,0,1,0,1,30700,3070,6140,21490,2015,False,False,False,False,False,False,False,False,False,False,False,False,True,False,False,False,True,True,False,False,False,False,False,False,False,True,False,False,False,False,True,False,False,True,False,True,False,False,False,False,True,False,False,True,False,False,False,False,False,False,False,True,False,False,True,False,True,False,2002,4,2015,1
46,24,718829,2000,1568.47,454480,46800,0,1,2,0,56600,11320,5660,39620,1999,False,False,False,False,False,False,False,False,False,False,False,False,True,False,False,False,True,False,True,False,False,False,False,False,False,True,False,False,True,False,False,False,True,False,True,False,False,False,False,False,True,False,False,True,False,False,False,True,False,False,False,False,False,False,True,False,True,False,1999,2,2015,2
34,24,482404,2000,1550.53,435632,0,-27700,1,0,1,3960,660,660,2640,1998,False,True,False,False,False,False,False,False,False,False,False,False,False,False,False,True,False,False,False,False,False,False,True,False,False,False,True,False,False,False,True,False,True,False,False,False,False,True,False,True,False,False,False,False,True,False,False,False,False,True,False,False,False,False,False,True,True,False,2011,6,2015,2
95,30,331170,2000,1370.92,442206,48900,0,1,0,3,34800,3480,6960,24360,1999,True,False,False,False,False,False,False,False,False,False,False,False,False,False,True,False,False,False,False,False,False,True,False,False,False,False,False,True,False,False,True,False,True,False,False,True,False,False,False,False,True,False,False,True,False,False,True,False,False,False,False,False,False,True,False,False,False,True,1995,3,2015,2
140,36,753056,500,1363.59,468303,43200,0,3,2,0,79500,7950,7950,63600,2000,False,False,False,True,False,False,False,False,False,False,False,False,False,False,False,True,False,False,True,False,False,False,False,False,False,False,True,False,False,True,False,False,False,True,False,True,False,False,True,False,False,False,False,True,False,False,False,False,True,False,False,False,False,True,False,False,True,False,1991,5,2015,2
200,34,910365,1000,828.42,467762,0,0,1,2,2,56000,5600,5600,44800,2009,False,False,False,True,False,False,False,False,False,False,False,False,False,False,False,True,False,False,True,False,False,False,False,False,False,False,False,True,False,True,False,True,False,False,False,False,True,False,False,False,True,False,False,True,False,False,True,False,False,False,False,False,True,False,False,False,True,False,2001,12,2015,1
123,29,379268,500,1209.63,447188,64800,-44200,1,1,0,73260,16280,0,56980,2014,False,False,False,False,False,False,False,False,False,False,False,False,False,True,False,True,False,True,False,False,False,False,False,False,True,False,False,False,False,False,True,False,False,True,False,True,False,False,False,False,True,False,False,True,False,False,False,False,False,False,True,False,False,True,False,False,True,False,2012,8,2015,1
267,46,362843,2000,1111.17,469438,35000,0,1,2,3,4950,900,450,3600,1995,False,False,False,False,False,False,False,False,False,False,False,False,True,False,False,False,True,False,False,False,False,False,False,True,False,False,True,False,False,False,True,False,False,True,False,False,False,True,False,True,False,False,False,True,False,False,False,False,False,True,False,False,False,False,False,True,False,True,2004,8,2015,2
290,42,135400,500,989.97,462519,32500,0,1,0,1,48000,4800,9600,33600,2013,False,False,False,False,False,False,False,False,False,False,True,False,False,False,False,True,False,False,False,False,False,False,False,True,True,False,False,False,True,False,False,True,False,False,False,True,False,False,False,False,True,False,False,False,True,False,False,False,False,False,True,False,False,True,False,False,False,True,2014,1,2015,1
45,37,798579,1000,1114.23,432534,0,0,1,0,1,52200,10440,5220,36540,2005,False,False,False,False,False,False,False,False,False,True,False,False,False,False,False,True,False,False,False,False,False,True,False,False,False,True,False,False,False,False,True,False,False,True,True,False,False,False,False,False,True,False,False,True,False,False,True,False,False,False,False,False,False,False,True,False,False,True,2011,12,2015,1
186,38,250833,2000,1347.31,436467,80900,-111100,3,2,3,73800,12300,12300,49200,1995,False,True,False,False,False,False,False,False,False,False,False,False,False,False,False,True,False,False,True,False,False,False,False,False,True,False,False,False,True,False,False,False,True,False,False,True,False,False,True,False,False,False,False,True,False,False,False,False,True,False,False,False,False,True,False,False,True,False,2008,7,2015,2
135,34,824116,2000,1687.53,465674,0,-69600,1,1,2,78200,15640,7820,54740,2009,False,True,False,False,False,False,False,False,False,False,False,False,False,False,True,False,False,True,False,False,False,False,False,False,False,True,False,False,False,True,False,True,False,False,False,False,True,False,False,False,True,False,False,True,False,False,False,False,True,False,False,False,False,False,True,False,True,False,1998,5,2015,1
110,33,322613,1000,1183.48,442389,0,0,1,2,3,55200,13800,9200,32200,2015,False,False,False,False,False,False,False,False,False,False,True,False,False,False,False,True,False,False,False,False,False,False,True,False,True,False,False,False,False,True,False,True,False,False,True,False,False,False,False,False,True,False,False,True,False,True,False,False,False,False,False,False,False,True,False,False,False,True,1995,4,2015,1
259,43,871305,2000,1537.13,471614,0,-58300,3,0,2,57060,6340,6340,44380,2012,False,False,False,False,False,True,False,False,False,False,False,False,False,False,True,False,False,False,True,False,False,False,False,False,False,False,True,False,True,False,False,False,False,True,False,False,True,False,True,False,False,False,False,False,True,False,False,False,False,False,False,True,False,False,True,False,True,False,1992,2,2015,1
114,30,488037,1000,1173.25,442936,0,-34700,1,0,3,4680,520,520,3640,2013,False,False,False,True,False,False,False,False,False,False,False,False,False,False,False,False,True,False,False,False,False,False,False,True,False,False,True,False,True,False,False,False,False,True,False,True,False,False,False,False,False,True,False,True,False,False,False,False,False,False,True,False,False,False,False,True,True,False,2007,7,2015,2
404,56,485813,1000,1361.16,437944,0,-63700,1,2,0,53100,5310,5310,42480,2005,True,False,False,False,False,False,False,False,False,False,False,False,False,False,False,True,False,False,False,False,False,False,True,False,True,False,False,False,True,False,False,False,False,True,False,True,False,False,False,False,True,False,False,True,False,False,False,False,False,False,True,False,True,False,False,False,True,False,2010,4,2015,1
282,48,886473,2000,1422.56,473705,26900,-55300,1,1,2,3520,640,320,2560,2013,True,False,False,False,False,False,False,False,False,False,False,False,False,False,False,False,True,False,False,False,False,False,False,True,False,False,True,False,False,True,False,True,False,False,False,True,False,False,False,False,False,True,False,False,True,False,False,False,False,True,False,False,False,False,False,True,True,False,1991,3,2015,2
57,25,907113,2000,1143.06,469363,63100,-54100,3,0,1,72900,14580,14580,43740,2010,False,False,False,False,False,False,False,False,False,True,False,False,False,False,True,False,False,False,False,False,False,False,True,False,True,False,False,False,True,False,False,False,False,True,False,False,True,False,True,False,False,False,False,False,True,False,False,False,False,False,True,False,True,False,False,False,True,False,1996,1,2015,1
215,38,833321,500,1405.71,465376,0,0,1,0,1,70700,7070,14140,49490,2008,False,False,False,False,False,False,False,False,False,False,False,False,False,True,False,True,False,False,False,False,False,True,False,False,False,False,False,True,False,True,False,True,False,False,False,False,True,False,False,False,True,False,False,True,False,False,False,False,False,False,False,True,False,True,False,False,True,False,2010,3,2015,2
140,30,521592,500,1354.2,438775,100500,0,4,0,0,60170,5470,10940,43760,2006,False,False,False,False,False,False,False,False,False,True,False,False,False,False,True,False,False,False,False,False,False,True,False,False,False,False,True,False,False,True,False,False,True,False,False,True,False,False,True,False,False,False,True,False,False,False,True,False,False,False,False,False,False,False,True,False,True,False,2014,6,2015,2
250,42,254837,500,1055.6,457962,69500,-40700,1,1,1,74800,13600,6800,54400,2009,False,False,False,False,False,True,False,False,False,False,False,False,False,False,False,True,False,False,False,False,False,True,False,False,False,False,True,False,False,True,False,False,True,False,True,False,False,False,False,False,True,False,True,False,False,False,False,True,False,False,False,False,False,True,False,False,False,True,2004,11,2015,1
286,41,634499,1000,999.43,477947,25800,0,1,2,0,4100,820,410,2870,2009,False,False,False,True,False,False,False,False,False,False,False,False,False,False,True,False,False,False,False,False,False,False,False,True,False,False,False,True,False,False,True,False,True,False,False,False,False,True,False,False,False,True,False,True,False,False,True,False,False,False,False,False,False,False,False,True,False,True,2000,8,2015,1
356,47,574707,2000,1155.97,431104,0,0,1,0,3,61490,5590,11180,44720,2009,False,False,False,False,True,False,False,False,False,False,False,False,False,False,False,True,False,False,False,False,False,True,False,False,False,False,True,False,False,False,True,False,True,False,False,True,False,False,False,False,True,False,False,True,False,False,False,True,False,False,False,False,False,False,True,False,False,True,2005,8,2015,2
65,29,476839,1000,1726.91,456570,0,0,1,0,0,7200,720,1440,5040,1999,False,True,False,False,False,False,False,False,False,False,False,False,False,False,True,False,False,False,False,False,False,False,True,False,False,False,True,False,False,True,False,False,True,False,False,False,False,True,False,False,False,True,False,True,False,False,False,True,False,False,False,False,False,False,False,True,False,True,1990,8,2015,1
187,34,149601,500,1232.57,612986,59500,0,3,0,0,45100,8200,4100,32800,2011,False,False,False,False,False,False,False,False,False,True,False,False,False,False,False,True,False,False,True,False,False,False,False,False,False,True,False,False,False,True,False,False,True,False,False,True,False,False,True,False,False,False,False,False,True,False,False,False,False,False,False,True,False,False,True,False,True,False,2003,3,2015,2
386,53,630683,500,1078.65,615730,36800,0,1,2,3,66660,12120,6060,48480,2006,False,False,False,False,False,False,True,False,False,False,False,False,False,False,False,False,True,False,False,False,False,False,False,True,False,False,False,True,False,True,False,False,False,True,False,True,False,False,False,False,True,False,False,True,False,False,False,False,True,False,False,False,True,False,False,False,False,True,2007,10,2015,1
197,41,500639,1000,1324.78,478640,0,-64500,1,2,2,76400,15280,7640,53480,1997,False,False,False,False,False,False,False,False,False,False,False,False,False,True,False,False,True,True,False,False,False,False,False,False,False,False,False,True,True,False,False,False,False,True,True,False,False,False,False,False,True,False,False,False,True,False,False,False,False,False,False,True,True,False,False,False,True,False,1996,6,2015,1
166,37,352120,500,1518.54,470510,0,0,1,1,1,58300,10600,10600,37100,2001,False,False,False,False,False,True,False,False,False,False,False,False,False,False,False,True,False,False,False,False,True,False,False,False,True,False,False,False,False,False,True,True,False,False,False,False,True,False,False,False,True,False,False,True,False,False,False,False,False,True,False,False,False,True,False,False,True,False,1994,12,2015,1
293,49,569245,2000,1239.06,439360,34900,0,1,1,1,57310,5210,10420,41680,2002,False,False,False,False,False,False,False,False,False,False,False,False,False,True,True,False,False,False,False,False,False,True,False,False,False,False,False,True,False,True,False,False,True,False,False,False,True,False,False,False,True,False,True,False,False,False,False,False,True,False,False,False,True,False,False,False,True,False,1995,12,2015,1
179,32,907012,2000,1246.68,440251,0,0,1,0,1,53100,5900,5900,41300,2006,False,False,False,False,False,False,False,False,False,False,False,True,False,False,False,False,True,False,True,False,False,False,False,False,False,True,False,False,False,True,False,False,True,False,False,True,False,False,False,False,True,False,False,False,True,False,False,False,False,False,False,True,True,False,False,False,True,False,1996,12,2015,1
76,24,700074,1000,1622.67,600313,0,0,3,1,1,74700,14940,7470,52290,1997,False,False,False,False,False,False,False,False,False,False,False,True,False,False,False,False,True,False,False,False,False,False,False,True,True,False,False,False,True,False,False,False,True,False,False,False,True,False,True,False,False,False,False,True,False,False,False,False,False,True,False,False,False,False,True,False,True,False,2011,6,2015,2
105,28,866805,500,1082.36,452216,0,0,3,2,2,60500,12100,6050,42350,1995,False,True,False,False,False,False,False,False,False,False,False,False,False,False,False,False,True,False,False,False,False,True,False,False,False,True,False,False,True,False,False,True,False,False,True,False,False,False,True,False,False,False,False,True,False,True,False,False,False,False,False,False,False,True,False,False,True,False,1995,12,2015,1
97,26,951863,1000,1270.55,478532,0,-72100,3,2,3,84920,7720,15440,61760,2006,False,False,False,False,False,False,False,True,False,False,False,False,False,False,False,False,True,True,False,False,False,False,False,False,False,False,True,False,False,False,True,True,False,False,False,False,True,False,True,False,False,False,False,True,False,False,False,False,False,False,True,False,False,False,True,False,False,True,1997,10,2015,1
148,36,211578,1000,1236.32,616929,55100,0,1,2,0,61050,5550,11100,44400,2009,False,False,False,False,True,False,False,False,False,False,False,False,False,False,True,False,False,False,False,False,True,False,False,False,False,False,False,True,True,False,False,True,False,False,False,False,True,False,False,False,True,False,False,False,True,False,False,False,False,True,False,False,False,False,True,False,True,False,1996,1,2015,1
77,26,357394,2000,785.82,620207,49700,0,3,2,0,69080,12560,6280,50240,2009,False,True,False,False,False,False,False,False,False,False,False,False,False,False,True,False,False,False,True,False,False,False,False,False,False,False,False,True,False,False,True,False,True,False,True,False,False,False,True,False,False,False,False,True,False,False,False,False,True,False,False,False,False,True,False,False,False,True,2008,5,2015,1
295,46,863749,500,1265.84,605743,52200,-44500,1,1,3,4560,760,380,3420,2007,False,False,False,False,False,False,False,False,False,True,False,False,False,False,False,True,False,False,False,False,False,False,True,False,False,False,True,False,False,False,True,False,False,True,False,True,False,False,False,False,False,True,False,True,False,False,False,False,True,False,False,False,False,False,False,True,True,False,2009,12,2015,1
126,28,596914,500,1508.9,472814,0,0,4,0,1,67800,11300,11300,45200,2011,False,False,False,False,False,True,False,False,False,False,False,False,False,False,False,True,False,False,False,False,False,False,False,True,False,False,False,True,True,False,False,False,True,False,False,False,True,False,True,False,False,False,False,True,False,False,False,False,True,False,False,False,False,True,False,False,True,False,1992,1,2015,1
132,32,684653,2000,1106.84,464362,43100,-31900,1,1,1,5600,1120,560,3920,2005,False,False,False,False,False,False,False,False,False,False,False,True,False,False,False,False,True,False,False,False,False,True,False,False,False,False,False,True,False,False,True,False,False,True,False,True,False,False,False,False,False,True,False,True,False,False,False,False,False,False,False,True,False,False,False,True,False,True,1997,11,2015,1
370,55,528259,2000,1389.13,456203,0,-53200,1,0,2,9000,900,1800,6300,2015,False,False,False,False,False,False,False,False,True,False,False,False,False,False,False,True,False,True,False,False,False,False,False,False,False,False,True,False,False,True,False,False,True,False,False,True,False,False,False,False,False,True,False,False,True,False,False,False,True,False,False,False,False,False,False,True,False,True,2012,12,2015,2
257,43,797636,1000,974.84,468984,52100,0,1,0,1,85320,21330,7110,56880,2006,False,False,False,False,False,False,False,False,False,True,False,False,False,False,False,True,False,False,False,False,False,False,True,False,False,False,False,True,True,False,False,False,False,True,False,False,True,False,False,False,True,False,True,False,False,False,False,False,True,False,False,False,False,True,False,False,True,False,1992,5,2015,2
9,24,326180,2000,1304.46,473349,51700,-33300,1,0,3,5940,540,1080,4320,2001,False,True,False,False,False,False,False,False,False,False,False,False,False,False,True,False,False,True,False,False,False,False,False,False,False,False,True,False,True,False,False,False,False,True,False,False,False,True,False,False,False,True,True,False,False,False,False,False,False,False,False,True,False,False,False,True,True,False,2002,5,2015,1
185,34,620075,500,1257.36,474771,0,0,3,1,1,51370,9340,4670,37360,2000,False,False,True,False,False,False,False,False,False,False,False,False,False,False,False,False,True,False,False,False,False,True,False,False,False,True,False,False,False,False,True,False,True,False,True,False,False,False,True,False,False,False,False,True,False,False,False,False,False,False,False,True,False,False,True,False,True,False,2010,4,2015,2
234,43,965187,500,1257.04,448294,0,-48800,1,2,2,51600,10320,5160,36120,2011,False,False,False,False,True,False,False,False,False,False,False,False,False,False,False,False,True,False,False,False,False,True,False,False,False,False,False,True,True,False,False,False,False,True,True,False,False,False,False,False,True,False,False,True,False,True,False,False,False,False,False,False,False,True,False,False,False,True,1990,3,2015,3
253,44,516182,2000,719.52,606606,45800,0,1,0,3,5400,600,600,4200,1998,False,False,False,True,False,False,False,False,False,False,False,False,False,False,False,False,True,False,False,False,False,True,False,False,False,False,True,False,True,False,False,False,True,False,False,False,False,True,False,True,False,False,True,False,False,False,False,True,False,False,False,False,False,False,False,True,True,False,2007,5,2015,2
233,39,728839,2000,1524.18,605220,0,0,3,1,0,48870,5430,5430,38010,1999,False,False,False,False,False,False,False,False,False,False,True,False,False,False,False,False,True,False,False,False,False,True,False,False,False,True,False,False,False,True,False,False,False,True,False,True,False,False,True,False,False,False,False,False,True,False,False,False,True,False,False,False,False,True,False,False,False,True,2001,1,2015,1
274,44,771509,500,1395.58,466612,0,0,1,2,1,5590,860,860,3870,2000,False,False,True,False,False,False,False,False,False,False,False,False,False,False,False,True,False,False,False,False,False,False,False,True,False,False,False,True,True,False,False,False,True,False,False,True,False,False,False,False,False,True,False,False,True,False,False,False,True,False,False,False,False,False,False,True,True,False,2006,8,2015,2
297,48,264221,1000,1243.68,463331,0,-71400,3,0,2,54960,6870,0,48090,2002,False,False,False,False,False,False,False,False,False,False,False,False,True,False,True,False,False,False,True,False,False,False,False,False,False,False,True,False,False,True,False,False,True,False,True,False,False,False,True,False,False,False,False,False,True,False,False,False,False,False,True,False,True,False,False,False,False,True,2014,7,2015,2
273,47,602704,1000,1189.04,457843,59600,0,3,1,3,39800,7960,3980,27860,2014,False,False,False,False,False,False,False,True,False,False,False,False,False,False,False,False,True,False,False,False,False,False,True,False,False,False,False,True,True,False,False,False,True,False,False,True,False,False,True,False,False,False,False,False,True,True,False,False,False,False,False,False,False,False,True,False,True,False,2011,9,2015,1
147,37,672416,2000,1375.29,609226,0,0,3,0,1,56160,6240,6240,43680,2015,False,False,False,False,False,True,False,False,False,False,False,False,False,False,False,True,False,False,False,False,False,True,False,False,True,False,False,False,False,True,False,False,True,False,True,False,False,False,True,False,False,False,False,False,True,False,False,False,False,False,True,False,False,False,True,False,True,False,2013,4,2015,1
285,42,545506,500,1389.13,452942,63100,-79400,1,0,3,52700,5270,10540,36890,2005,False,False,False,False,False,False,False,False,False,False,False,False,True,False,False,True,False,False,False,False,False,False,True,False,False,True,False,False,True,False,False,False,True,False,False,False,True,False,False,False,True,False,True,False,False,True,False,False,False,False,False,False,False,False,True,False,False,True,1991,3,2015,1
289,43,777533,1000,1387.51,609390,0,0,3,1,3,68580,7620,7620,53340,2010,False,False,False,False,False,False,False,True,False,False,False,False,False,False,False,False,True,False,True,False,False,False,False,False,False,True,False,False,False,False,True,False,True,False,False,True,False,False,True,False,False,False,False,False,True,True,False,False,False,False,False,False,False,False,True,False,True,False,2002,12,2015,1
427,60,953334,1000,1178.61,446608,0,-54400,1,1,2,90860,12980,19470,58410,2004,False,False,False,False,False,False,False,False,False,False,False,False,False,True,False,True,False,False,True,False,False,False,False,False,True,False,False,False,False,False,True,False,False,True,True,False,False,False,False,False,True,False,True,False,False,False,False,False,False,True,False,False,False,False,True,False,False,True,2005,12,2015,2
380,53,369781,2000,1166.62,602500,0,0,1,0,3,5700,570,570,4560,2001,False,False,False,False,False,False,False,False,False,False,True,False,False,False,True,False,False,True,False,False,False,False,False,False,False,False,False,True,True,False,False,True,False,False,False,False,False,True,False,True,False,False,False,True,False,True,False,False,False,False,False,False,False,False,False,True,False,True,2011,5,2015,2
13,21,990998,1000,1556.31,463809,0,-75000,3,2,0,94930,8630,8630,77670,2014,True,False,False,False,False,False,False,False,False,False,False,False,False,False,False,True,False,False,True,False,False,False,False,False,False,False,False,True,False,False,True,False,False,True,False,False,True,False,True,False,False,False,True,False,False,True,False,False,False,False,False,False,False,False,True,False,False,True,2006,10,2015,1
282,43,982678,500,1452.27,611996,75800,0,1,1,2,46800,4680,9360,32760,2007,False,True,False,False,False,False,False,False,False,False,False,False,False,False,False,False,True,False,False,False,False,True,False,False,True,False,False,False,True,False,False,True,False,False,True,False,False,False,False,False,True,False,False,True,False,False,False,False,False,True,False,False,False,False,True,False,False,True,2006,7,2015,1
312,47,646069,1000,1212.07,459298,66900,-51800,3,2,3,56320,7040,7040,42240,2000,False,False,False,False,False,False,False,False,True,False,False,False,False,False,False,False,True,False,True,False,False,False,False,False,False,True,False,False,True,False,False,True,False,False,False,False,True,False,True,False,False,False,False,False,True,False,False,False,False,True,False,False,False,False,True,False,True,False,2002,6,2015,3
266,46,331683,2000,1578.54,468158,0,-41400,1,1,3,83490,7590,15180,60720,1996,False,False,False,False,False,False,False,False,False,True,False,False,False,False,False,False,True,False,False,False,False,False,False,True,False,True,False,False,True,False,False,False,False,True,False,True,False,False,False,False,True,False,True,False,False,True,False,False,False,False,False,False,True,False,False,False,False,True,2009,2,2015,1
30,36,364055,500,1488.26,440831,0,-63500,3,2,2,57900,5790,5790,46320,2008,False,False,False,False,False,False,False,False,False,False,True,False,False,False,False,True,False,False,False,False,False,False,False,True,False,False,False,True,True,False,False,False,True,False,False,False,True,False,True,False,False,False,False,False,True,False,True,False,False,False,False,False,False,False,True,False,True,False,2001,5,2015,2
198,36,521854,1000,1096.39,603848,0,0,3,1,3,49410,5490,5490,38430,2015,False,True,False,False,False,False,False,False,False,False,False,False,False,False,False,True,False,False,False,False,False,True,False,False,False,True,False,False,False,True,False,False,False,True,False,False,True,False,True,False,False,False,False,True,False,False,False,True,False,False,False,False,False,True,False,False,False,True,2001,2,2015,1
290,45,737252,2000,1215.36,617739,54400,0,3,0,1,66200,6620,6620,52960,2012,False,False,False,False,False,False,False,False,False,False,False,True,False,False,False,False,True,False,False,False,False,False,False,True,False,True,False,False,False,True,False,True,False,False,False,True,False,False,True,False,False,False,False,False,True,True,False,False,False,False,False,False,False,False,True,False,False,True,1993,11,2015,1
260,46,344480,2000,1482.57,607133,35000,0,1,0,1,64080,10680,10680,42720,2005,False,False,False,False,False,False,False,False,False,False,False,False,True,False,False,False,True,False,True,False,False,False,False,False,False,True,False,False,True,False,False,True,False,False,False,True,False,False,False,False,True,False,True,False,False,False,False,False,False,True,False,False,True,False,False,False,False,True,1990,2,2015,2
233,43,898519,1000,954.18,437470,0,0,3,2,3,42500,8500,4250,29750,2000,False,False,False,False,False,False,False,False,False,True,False,False,False,False,False,False,True,False,False,False,False,True,False,False,False,False,True,False,False,True,False,False,False,True,False,True,False,False,True,False,False,False,False,True,False,False,True,False,False,False,False,False,False,False,True,False,True,False,2000,5,2015,2
130,30,957816,2000,1193.4,461372,0,-40800,3,2,3,48950,8900,4450,35600,2005,False,False,False,False,False,False,False,False,False,False,False,True,False,False,True,False,False,False,False,False,False,True,False,False,False,False,True,False,True,False,False,False,True,False,False,False,True,False,True,False,False,False,False,False,True,False,False,False,False,False,False,True,False,False,True,False,False,True,2012,8,2015,2
230,42,175960,1000,1023.11,476130,0,-45300,3,1,2,58850,10700,10700,37450,1999,True,False,False,False,False,False,False,False,False,False,False,False,False,False,False,True,False,False,True,False,False,False,False,False,False,False,True,False,True,False,False,False,False,True,False,True,False,False,True,False,False,False,True,False,False,False,False,False,False,True,False,False,False,True,False,False,True,False,2004,11,2015,2
212,40,489618,1000,1524.45,452438,73200,0,3,0,2,82400,8240,8240,65920,2006,False,False,False,False,False,False,False,False,False,True,False,False,False,False,True,False,False,False,True,False,False,False,False,False,False,False,True,False,False,False,True,False,False,True,False,True,False,False,True,False,False,False,False,False,True,False,False,False,False,False,True,False,False,False,True,False,True,False,2003,1,2015,2
299,44,717044,1000,1653.32,460517,0,-48800,1,2,0,54240,6780,6780,40680,2009,False,False,False,False,False,False,False,False,False,False,False,True,False,False,False,False,True,False,False,False,False,False,False,True,True,False,False,False,False,False,True,False,True,False,False,True,False,False,False,False,True,False,False,False,True,False,True,False,False,False,False,False,False,True,False,False,True,False,2008,11,2015,1
91,26,101421,1000,1022.46,444896,52700,0,3,0,2,74200,7420,7420,59360,1996,False,False,False,False,False,False,False,True,False,False,False,False,False,False,True,False,False,False,False,False,False,True,False,False,False,False,True,False,False,True,False,False,True,False,False,True,False,False,True,False,False,False,False,True,False,True,False,False,False,False,False,False,True,False,False,False,True,False,1999,10,2015,2
398,53,793948,2000,1396.43,448722,21500,0,1,2,1,47430,5270,5270,36890,2000,False,False,False,False,False,False,False,False,False,False,False,False,True,False,True,False,False,False,False,False,False,False,False,True,False,True,False,False,False,False,True,False,True,False,False,False,True,False,False,False,True,False,True,False,False,True,False,False,False,False,False,False,True,False,False,False,True,False,1990,12,2015,1
218,43,737483,500,1521.55,477856,61100,-64500,1,1,3,68200,13640,6820,47740,2003,False,False,False,False,True,False,False,False,False,False,False,False,False,False,True,False,False,False,False,False,False,True,False,False,False,True,False,False,False,True,False,False,False,True,True,False,False,False,False,False,True,False,False,True,False,True,False,False,False,False,False,False,False,True,False,False,True,False,1996,2,2015,1
152,33,695117,1000,1034.27,617721,0,0,1,1,0,63900,7100,7100,49700,2014,True,False,False,False,False,False,False,False,False,False,False,False,False,False,False,True,False,False,True,False,False,False,False,False,False,True,False,False,True,False,False,True,False,False,False,True,False,False,False,False,True,False,True,False,False,False,False,False,True,False,False,False,True,False,False,False,True,False,2001,6,2015,2
212,39,167466,1000,1255.35,454176,60300,-58900,2,0,3,59300,11860,5930,41510,2008,False,False,False,False,True,False,False,False,False,False,False,False,False,False,False,False,True,False,True,False,False,False,False,False,True,False,False,False,True,False,False,False,False,True,False,False,True,False,True,False,False,False,True,False,False,False,False,False,True,False,False,False,False,True,False,False,True,False,2010,3,2015,2
242,44,664732,2000,1396.89,618127,0,-61600,3,1,2,66900,6690,13380,46830,1999,False,False,False,False,False,False,False,False,False,False,False,True,False,False,True,False,False,False,False,False,False,True,False,False,False,False,True,False,True,False,False,False,False,True,False,True,False,False,True,False,False,False,False,False,True,False,True,False,False,False,False,False,True,False,False,False,True,False,2003,7,2015,2
80,27,143038,500,795.31,441923,0,-51000,3,1,3,40810,3710,7420,29680,2000,False,False,False,False,False,True,False,False,False,False,False,False,False,False,False,False,True,False,False,True,False,False,False,False,False,False,False,True,False,False,True,False,True,False,True,False,False,False,True,False,False,False,False,False,True,False,False,False,True,False,False,False,False,True,False,False,False,True,2014,9,2015,2
260,43,979963,500,982.22,604279,54500,-72100,1,1,0,75400,15080,7540,52780,2011,False,False,False,False,False,False,True,False,False,False,False,False,False,False,False,True,False,False,True,False,False,False,False,False,False,True,False,False,False,True,False,False,True,False,False,False,True,False,False,False,True,False,True,False,False,False,False,False,True,False,False,False,True,False,False,False,True,False,2009,6,2015,2
133,34,467841,500,1074.07,440833,70900,-61100,1,2,0,4200,420,840,2940,2013,False,False,False,False,False,False,False,True,False,False,False,False,False,False,False,True,False,False,False,False,False,False,False,True,False,False,True,False,True,False,False,False,False,True,False,True,False,False,False,True,False,False,False,False,True,False,False,False,True,False,False,False,False,False,False,True,True,False,1994,10,2015,1
290,45,219028,1000,1311.3,451550,38500,0,3,0,0,52650,5850,5850,40950,2001,False,False,False,False,False,True,False,False,False,False,False,False,False,False,False,False,True,False,True,False,False,False,False,False,True,False,False,False,False,False,True,False,False,True,True,False,False,False,True,False,False,False,True,False,False,True,False,False,False,False,False,False,False,False,True,False,True,False,1991,7,2015,1
322,49,130156,2000,1277.12,431853,0,-46000,1,0,2,42240,7680,7680,26880,2007,False,False,False,True,False,False,False,False,False,False,False,False,False,False,True,False,False,False,False,False,False,False,False,True,True,False,False,False,False,True,False,False,False,True,True,False,False,False,False,False,True,False,False,True,False,False,False,False,False,False,False,True,False,True,False,False,True,False,2001,9,2015,1
228,39,762951,500,1388.62,614274,35200,0,1,1,0,59490,6610,6610,46270,1995,False,False,False,False,False,False,False,False,True,False,False,False,False,False,False,True,False,True,False,False,False,False,False,False,False,False,True,False,False,False,True,False,False,True,False,True,False,False,False,False,True,False,False,False,True,False,False,False,True,False,False,False,False,False,True,False,True,False,2012,9,2015,1
195,37,376879,1000,1406.52,619148,0,0,1,0,2,44200,4420,4420,35360,2002,False,False,False,False,False,False,False,True,False,False,False,False,False,False,True,False,False,False,False,False,False,True,False,False,True,False,False,False,True,False,False,True,False,False,True,False,False,False,False,False,True,False,True,False,False,False,False,False,False,True,False,False,False,False,True,False,False,True,1991,7,2015,1
247,39,599031,500,1558.29,456781,0,-49300,1,1,2,7700,770,1540,5390,2000,False,False,False,False,False,False,False,False,False,False,True,False,False,False,False,True,False,False,False,False,False,False,False,True,False,False,False,True,False,False,True,False,True,False,False,False,False,True,False,False,False,True,True,False,False,False,False,False,False,False,True,False,False,False,False,True,True,False,1991,10,2015,2
405,57,676255,1000,1132.47,434293,46300,0,3,2,3,61440,10240,10240,40960,2008,False,False,False,False,False,False,False,False,False,False,True,False,False,False,False,True,False,False,True,False,False,False,False,False,False,False,True,False,False,True,False,False,True,False,False,False,True,False,True,False,False,False,False,False,True,False,False,False,False,True,False,False,True,False,False,False,False,True,1999,12,2015,1
144,37,985446,2000,1896.91,460895,73700,0,3,1,3,54400,5440,10880,38080,2015,False,False,False,True,False,False,False,False,False,False,False,False,False,False,False,False,True,False,False,False,False,True,False,False,False,True,False,False,False,False,True,True,False,False,True,False,False,False,True,False,False,False,False,True,False,False,False,False,False,False,False,True,False,True,False,False,True,False,2012,10,2015,1
338,47,884180,500,1143.46,601600,0,0,1,2,1,58560,9760,9760,39040,2002,False,False,False,False,False,False,False,False,True,False,False,False,False,False,True,False,False,True,False,False,False,False,False,False,False,False,True,False,False,False,True,False,True,False,False,False,True,False,False,False,True,False,False,False,True,False,False,False,False,True,False,False,True,False,False,False,False,True,1995,8,2015,2
121,34,571462,500,1285.42,465440,0,0,1,1,1,67300,6730,6730,53840,2000,False,False,False,False,True,False,False,False,False,False,False,False,False,False,False,True,False,False,False,False,False,False,True,False,False,True,False,False,True,False,False,True,False,False,True,False,False,False,False,False,True,False,False,False,True,False,False,False,False,True,False,False,True,False,False,False,False,True,1991,2,2015,1
398,55,815883,2000,1305.26,455482,66200,-49700,1,1,3,36740,3340,6680,26720,1998,False,False,True,False,False,False,False,False,False,False,False,False,False,False,False,False,True,False,False,False,False,False,True,False,False,True,False,False,False,True,False,False,False,True,True,False,False,False,False,False,True,False,False,True,False,False,False,False,False,True,False,False,False,True,False,False,False,True,1991,7,2015,1
9,30,258265,1000,1073.83,438877,0,0,1,0,0,85690,15580,15580,54530,2011,False,False,True,False,False,False,False,False,False,False,False,False,False,False,True,False,False,False,True,False,False,False,False,False,False,False,False,True,False,True,False,True,False,False,False,False,True,False,False,False,True,False,True,False,False,False,False,True,False,False,False,False,False,True,False,False,True,False,1994,4,2015,2
115,31,569714,1000,1051.67,479824,0,0,3,0,3,34160,0,4270,29890,2005,False,True,False,False,False,False,False,False,False,False,False,False,False,False,False,False,True,False,False,False,False,False,False,True,True,False,False,False,False,False,True,True,False,False,True,False,False,False,True,False,False,False,False,False,True,True,False,False,False,False,False,False,False,False,True,False,True,False,2005,12,2015,3
280,48,180008,1000,1387.35,477415,0,-72000,1,2,2,61320,10220,10220,40880,1998,False,False,True,False,False,False,False,False,False,False,False,False,False,False,True,False,False,False,False,False,False,False,False,True,False,True,False,False,True,False,False,False,True,False,False,True,False,False,False,False,True,False,False,True,False,False,False,False,True,False,False,False,True,False,False,False,False,True,2014,7,2015,2
254,45,633375,500,1083.64,614372,59800,0,3,0,0,79680,13280,13280,53120,2004,False,False,True,False,False,False,False,False,False,False,False,False,False,False,True,False,False,True,False,False,False,False,False,False,False,False,False,True,False,False,True,False,True,False,False,False,True,False,True,False,False,False,False,True,False,False,False,False,True,False,False,False,False,True,False,False,False,True,2003,9,2015,2
141,30,556538,1000,1851.78,465248,78800,0,1,1,0,61740,6860,6860,48020,2002,False,True,False,False,False,False,False,False,False,False,False,False,False,False,True,False,False,False,False,False,False,True,False,False,False,True,False,False,True,False,False,False,False,True,False,False,True,False,False,False,True,False,False,True,False,False,False,True,False,False,False,False,True,False,False,False,True,False,2000,7,2015,2
441,55,669501,500,1270.29,449421,24000,-50500,1,0,0,6400,640,640,5120,2002,False,False,False,False,False,False,True,False,False,False,False,False,False,False,False,True,False,False,False,False,False,False,True,False,False,False,True,False,True,False,False,True,False,False,False,True,False,False,False,True,False,False,False,True,False,False,True,False,False,False,False,False,False,False,False,True,False,True,2009,7,2015,2
381,55,963761,500,1459.99,445856,35900,0,1,1,2,60600,12120,6060,42420,2011,True,False,False,False,False,False,False,False,False,False,False,False,False,False,False,False,True,False,False,False,False,True,False,False,False,True,False,False,False,False,True,False,False,True,True,False,False,False,False,False,True,False,False,False,True,False,False,False,False,True,False,False,False,True,False,False,True,False,1991,4,2015,1
191,38,753005,2000,1253.44,608525,0,0,3,2,0,56320,10240,5120,40960,2007,False,False,False,False,False,False,False,False,False,False,False,False,False,True,True,False,False,False,False,False,False,False,True,False,True,False,False,False,True,False,False,True,False,False,True,False,False,False,True,False,False,False,True,False,False,False,False,False,False,False,True,False,False,False,True,False,True,False,2005,11,2015,2
145,34,454758,1000,1142.48,608813,0,0,1,2,0,52250,9500,4750,38000,2012,False,False,False,False,False,False,False,False,False,False,False,True,False,False,False,True,False,True,False,False,False,False,False,False,True,False,False,False,False,False,True,True,False,False,False,False,True,False,False,False,True,False,True,False,False,False,False,False,True,False,False,False,False,False,True,False,True,False,1990,5,2015,1
479,60,698589,1000,1188.45,459295,0,-44800,2,0,3,53900,5390,10780,37730,2006,False,False,False,False,False,False,False,False,False,False,True,False,False,False,True,False,False,False,False,False,False,True,False,False,False,False,True,False,False,True,False,False,True,False,False,False,True,False,True,False,False,False,False,False,True,False,False,False,False,True,False,False,False,True,False,False,True,False,2002,11,2015,1
215,35,330119,1000,1125.4,606144,40000,-43400,1,2,1,2640,220,440,1980,2001,False,False,False,False,False,False,False,True,False,False,False,False,False,False,True,False,False,False,False,False,False,False,False,True,False,False,True,False,False,True,False,True,False,False,False,False,False,True,False,False,False,True,False,False,True,False,False,False,False,False,True,False,False,False,False,True,False,True,2004,6,2015,1
41,33,164464,500,1294.41,476315,0,0,1,0,0,8970,1380,1380,6210,2011,False,False,False,False,True,False,False,False,False,False,False,False,False,False,False,False,True,True,False,False,False,False,False,False,False,False,True,False,False,False,True,False,True,False,False,True,False,False,False,False,False,True,False,True,False,False,False,True,False,False,False,False,False,False,False,True,False,True,2010,9,2015,2
45,31,927354,500,1459.5,475891,0,0,1,1,3,6000,1000,1000,4000,2000,False,False,False,False,False,False,False,False,False,False,False,True,False,False,False,True,False,False,True,False,False,False,False,False,False,False,True,False,False,True,False,False,True,False,False,True,False,False,False,True,False,False,True,False,False,False,False,False,False,True,False,False,False,False,False,True,False,True,1990,9,2015,2
156,38,231508,500,1367.99,462525,26500,0,3,0,3,55200,11040,5520,38640,1998,False,False,False,False,False,False,False,False,False,False,True,False,False,False,True,False,False,False,False,False,False,False,False,True,False,True,False,False,False,True,False,False,True,False,True,False,False,False,True,False,False,False,True,False,False,False,False,True,False,False,False,False,True,False,False,False,False,True,2009,9,2015,2
246,45,272910,500,1594.37,606283,0,0,1,0,3,7260,660,1320,5280,2008,False,False,False,False,False,False,False,False,False,False,True,False,False,False,False,True,False,False,False,False,False,True,False,False,False,False,True,False,True,False,False,False,False,True,False,False,False,True,False,True,False,False,False,True,False,True,False,False,False,False,False,False,False,False,False,True,False,True,1999,8,2015,1
178,39,305758,500,1035.99,465252,0,0,3,2,0,64680,11760,11760,41160,2010,False,False,False,False,False,False,False,True,False,False,False,False,False,False,True,False,False,False,True,False,False,False,False,False,False,False,False,True,True,False,False,False,True,False,False,True,False,False,True,False,False,False,True,False,False,False,False,False,True,False,False,False,True,False,False,False,True,False,2009,3,2015,1
237,43,950542,500,911.53,449979,53200,0,1,0,1,59200,0,11840,47360,1998,False,False,False,True,False,False,False,False,False,False,False,False,False,False,False,False,True,False,False,False,False,False,False,True,False,False,False,True,True,False,False,True,False,False,True,False,False,False,False,False,True,False,False,True,False,False,False,False,False,False,False,True,False,True,False,False,True,False,2009,4,2015,2
127,34,291544,500,1319.97,604681,73700,0,1,1,3,4700,470,940,3290,1998,False,False,False,False,False,False,False,False,False,False,True,False,False,False,False,False,True,True,False,False,False,False,False,False,False,False,True,False,False,False,True,False,True,False,False,True,False,False,False,False,False,True,False,False,True,True,False,False,False,False,False,False,False,False,False,True,True,False,2006,8,2015,1
1,33,388616,2000,1391.63,466390,61200,0,1,0,3,69400,6940,6940,55520,2000,False,False,False,False,False,False,False,False,True,False,False,False,False,False,False,False,True,False,True,False,False,False,False,False,False,False,True,False,False,False,True,True,False,False,False,False,True,False,False,False,True,False,False,True,False,True,False,False,False,False,False,False,False,False,True,False,False,True,1995,12,2015,2
5,21,577992,500,915.41,612316,0,0,1,0,0,40500,4050,4050,32400,1998,False,False,False,False,False,False,False,False,False,True,False,False,False,False,False,True,False,False,True,False,False,False,False,False,False,False,False,True,False,False,True,True,False,False,False,False,True,False,False,False,True,False,False,True,False,False,False,True,False,False,False,False,False,False,True,False,True,False,2002,11,2015,2
64,28,342830,1000,1468.82,474731,56800,-51800,3,2,1,60000,5000,10000,45000,1997,False,False,False,False,False,False,True,False,False,False,False,False,False,False,True,False,False,False,False,False,False,True,False,False,False,True,False,False,True,False,False,True,False,False,False,True,False,False,True,False,False,False,False,False,True,False,False,False,True,False,False,False,False,False,True,False,False,True,1991,11,2015,2
142,30,491170,500,1412.76,603260,66400,-63700,1,2,3,67320,11220,11220,44880,1996,False,False,False,False,False,False,False,False,False,False,False,False,False,True,False,True,False,False,False,False,False,False,False,True,False,False,True,False,False,False,True,True,False,False,False,True,False,False,False,False,True,False,False,False,True,False,False,False,False,False,False,True,False,False,True,False,False,True,1998,1,2015,1
97,27,175553,500,1588.26,434370,56700,-49300,3,2,1,75690,8410,8410,58870,2014,False,False,False,False,False,False,False,False,False,False,True,False,False,False,False,False,True,False,False,False,False,False,True,False,False,False,True,False,False,False,True,False,False,True,False,False,True,False,True,False,False,False,False,False,True,False,False,True,False,False,False,False,False,False,True,False,True,False,2002,4,2015,1
121,31,439341,1000,1140.91,478388,51300,0,3,1,2,64300,6430,6430,51440,2002,False,False,False,True,False,False,False,False,False,False,False,False,False,False,False,True,False,False,False,False,False,False,True,False,False,True,False,False,True,False,False,False,True,False,True,False,False,False,True,False,False,False,True,False,False,True,False,False,False,False,False,False,False,False,True,False,False,True,1991,7,2015,2
225,43,221186,1000,1517.54,617883,0,-20900,3,2,0,64400,6440,6440,51520,2011,False,False,True,False,False,False,False,False,False,False,False,False,False,False,False,False,True,False,False,False,False,True,False,False,False,False,False,True,True,False,False,False,False,True,True,False,False,False,True,False,False,False,True,False,False,False,False,False,True,False,False,False,False,True,False,False,False,True,2004,8,2015,1
425,53,868031,2000,912.29,464808,42900,-39100,3,1,2,97080,16180,16180,64720,2005,False,False,False,False,False,False,False,False,False,False,True,False,False,False,False,False,True,False,False,False,False,False,False,True,False,True,False,False,False,True,False,False,True,False,False,True,False,False,True,False,False,False,False,True,False,False,False,True,False,False,False,False,True,False,False,False,True,False,1990,6,2015,1
285,44,844117,2000,1144.3,609458,52600,0,1,1,0,5500,500,500,4500,2010,False,False,False,False,False,False,True,False,False,False,False,False,False,False,False,False,True,False,False,False,False,False,False,True,False,False,False,True,False,False,True,False,True,False,False,True,False,False,False,False,False,True,False,True,False,False,False,False,False,True,False,False,False,False,False,True,False,True,1991,8,2015,2
192,38,744557,1000,1281.43,432405,65100,-50300,3,0,2,30700,3070,6140,21490,2010,False,False,False,False,False,False,False,True,False,False,False,False,False,False,False,True,False,False,False,False,False,True,False,False,False,False,True,False,False,True,False,True,False,False,False,False,True,False,True,False,False,False,False,False,True,False,False,False,False,False,True,False,False,True,False,False,True,False,2011,2,2015,1
285,48,159536,2000,1101.85,457875,46100,0,1,1,2,33480,3720,3720,26040,2012,False,False,False,False,False,False,False,False,False,True,False,False,False,False,True,False,False,False,False,False,True,False,False,False,False,False,False,True,True,False,False,False,False,True,False,True,False,False,False,False,True,False,True,False,False,False,True,False,False,False,False,False,False,False,True,False,True,False,2013,2,2015,2
98,26,727109,2000,1082.1,477268,0,-30900,2,0,1,65430,14540,7270,43620,2001,False,False,False,False,False,False,False,True,False,False,False,False,False,False,False,True,False,False,False,False,False,False,False,True,False,False,False,True,False,True,False,False,False,True,False,False,True,False,True,False,False,False,False,False,True,False,False,False,True,False,False,False,True,False,False,False,False,True,2001,2,2015,2
175,36,155604,500,1185.44,437580,44900,-52500,3,2,1,42680,3880,7760,31040,2006,True,False,False,False,False,False,False,False,False,False,False,False,False,False,False,False,True,True,False,False,False,False,False,False,False,False,False,True,False,False,True,False,False,True,True,False,False,False,True,False,False,False,False,False,True,False,False,False,False,False,True,False,False,True,False,False,False,True,1992,3,2015,1
259,45,608443,2000,1175.07,457121,30100,0,1,1,1,87780,7980,7980,71820,2011,False,False,False,False,False,False,True,False,False,False,False,False,False,False,True,False,False,False,False,False,False,False,False,True,False,True,False,False,False,True,False,True,False,False,False,True,False,False,False,False,True,False,False,False,True,False,False,False,False,True,False,False,False,False,True,False,False,True,2006,12,2015,1
140,36,117862,2000,979.26,436364,0,-67000,4,0,2,72800,14560,14560,43680,1998,False,False,False,False,False,False,True,False,False,False,False,False,False,False,False,False,True,False,True,False,False,False,False,False,False,True,False,False,False,False,True,False,False,True,True,False,False,False,True,False,False,False,False,False,True,False,False,False,True,False,False,False,True,False,False,False,True,False,2000,7,2015,3
231,37,991553,500,920.81,467654,0,0,1,2,0,71190,0,7910,63280,1997,False,False,False,False,False,False,False,False,True,False,False,False,False,False,False,False,True,False,False,False,False,True,False,False,False,True,False,False,False,False,True,False,True,False,True,False,False,False,False,False,True,False,False,True,False,False,False,True,False,False,False,False,False,True,False,False,True,False,1991,12,2015,2
186,38,727443,500,922.85,471148,70300,-70900,1,1,1,3600,400,400,2800,1999,False,False,False,False,False,False,True,False,False,False,False,False,False,False,False,False,True,False,True,False,False,False,False,False,False,False,True,False,False,True,False,False,False,True,False,False,False,True,False,False,False,True,True,False,False,False,False,True,False,False,False,False,False,False,False,True,False,True,2013,7,2015,2
229,41,378587,2000,1107.59,468202,65400,0,1,1,3,62640,10440,10440,41760,2009,False,False,False,False,False,False,False,False,True,False,False,False,False,False,False,False,True,False,True,False,False,False,False,False,False,False,True,False,True,False,False,True,False,False,True,False,False,False,False,False,True,False,False,True,False,False,False,False,False,False,False,True,False,False,True,False,False,True,1998,12,2015,1
180,36,420948,500,1272.46,456959,0,0,3,2,1,69630,12660,6330,50640,1998,False,False,False,False,False,False,False,False,False,False,False,False,True,False,True,False,False,False,True,False,False,False,False,False,True,False,False,False,False,False,True,False,True,False,False,True,False,False,True,False,False,False,True,False,False,False,True,False,False,False,False,False,True,False,False,False,False,True,2015,1,2015,2
188,33,457188,1000,1340.24,447274,0,-68800,3,1,0,76010,13820,6910,55280,1995,False,False,False,False,True,False,False,False,False,False,False,False,False,False,True,False,False,False,True,False,False,False,False,False,False,False,False,True,False,False,True,False,True,False,False,True,False,False,True,False,False,False,False,True,False,False,False,True,False,False,False,False,False,True,False,False,False,True,1994,4,2015,2
214,40,118236,1000,1648.0,608405,57700,-43500,1,1,0,44220,8040,4020,32160,2000,True,False,False,False,False,False,False,False,False,False,False,False,False,False,False,False,True,False,False,False,False,False,False,True,False,False,True,False,True,False,False,False,False,True,False,False,True,False,False,False,True,False,True,False,False,False,False,False,True,False,False,False,False,True,False,False,False,True,2000,8,2015,2
178,38,987524,500,1381.14,472253,0,0,3,0,3,57200,5200,10400,41600,2011,False,False,True,False,False,False,False,False,False,False,False,False,False,False,True,False,False,False,True,False,False,False,False,False,False,False,True,False,True,False,False,True,False,False,False,True,False,False,True,False,False,False,False,True,False,False,True,False,False,False,False,False,False,True,False,False,True,False,2014,11,2015,2
55,35,490596,500,1198.44,438923,0,0,1,0,3,3080,560,560,1960,1998,False,False,False,False,False,False,False,False,False,True,False,False,False,False,True,False,False,False,False,False,False,False,False,True,False,False,False,True,True,False,False,True,False,False,False,True,False,False,False,False,False,True,False,False,True,False,False,False,False,True,False,False,False,False,False,True,False,True,2011,2,2015,1
90,31,524215,2000,951.27,607131,42100,0,1,1,0,75790,13780,6890,55120,2007,True,False,False,False,False,False,False,False,False,False,False,False,False,False,False,False,True,False,False,False,False,True,False,False,False,False,True,False,False,False,True,False,False,True,False,False,True,False,False,False,True,False,False,True,False,False,False,False,False,False,False,True,False,True,False,False,True,False,1990,6,2015,1
135,30,913464,2000,1341.24,601701,37100,-46500,3,0,1,32670,5940,2970,23760,2003,False,False,False,False,False,False,True,False,False,False,False,False,False,False,False,True,False,False,False,False,False,False,False,True,True,False,False,False,True,False,False,True,False,False,False,True,False,False,True,False,False,False,False,False,True,False,False,False,False,True,False,False,False,True,False,False,True,False,2009,1,2015,1
277,46,398484,2000,1177.57,469220,0,-65500,1,2,3,3870,430,860,2580,2010,False,False,False,False,False,False,False,True,False,False,False,False,False,False,True,False,False,False,False,False,False,False,True,False,False,False,False,True,False,True,False,True,False,False,False,True,False,False,False,False,False,True,False,True,False,True,False,False,False,False,False,False,False,False,False,True,True,False,1992,11,2015,1
211,38,752504,1000,1055.09,433250,0,0,1,0,3,91520,8320,16640,66560,2005,False,False,True,False,False,False,False,False,False,False,False,False,False,False,False,True,False,False,True,False,False,False,False,False,False,True,False,False,False,True,False,False,False,True,False,False,True,False,False,False,True,False,False,True,False,False,False,False,False,False,True,False,True,False,False,False,True,False,1997,5,2015,1
156,32,449263,500,1479.48,444413,0,0,1,1,3,74690,6790,13580,54320,2008,False,False,False,False,True,False,False,False,False,False,False,False,False,False,True,False,False,False,True,False,False,False,False,False,False,False,True,False,False,False,True,False,False,True,True,False,False,False,False,False,True,False,False,True,False,False,False,False,False,False,True,False,True,False,False,False,False,True,1992,3,2015,1
84,30,844007,2000,1827.38,433593,0,-15900,1,1,3,4620,420,840,3360,1998,False,True,False,False,False,False,False,False,False,False,False,False,False,False,False,True,False,False,False,False,False,False,True,False,False,False,False,True,False,False,True,False,True,False,False,False,False,True,False,False,False,True,False,False,True,True,False,False,False,False,False,False,False,False,False,True,False,True,1995,7,2015,1
136,32,686522,500,1169.62,458143,0,0,1,0,0,55000,10000,10000,35000,2008,False,False,False,False,False,False,False,False,False,False,False,False,True,False,False,True,False,False,False,False,False,True,False,False,False,False,False,True,False,False,True,True,False,False,True,False,False,False,False,False,True,False,True,False,False,False,False,False,True,False,False,False,False,False,True,False,True,False,2000,12,2015,2
310,48,670142,500,1516.34,474167,11000,0,4,0,2,59400,13200,6600,39600,1996,False,False,False,False,False,False,False,False,False,False,True,False,False,False,False,True,False,False,False,False,False,True,False,False,False,False,False,True,False,False,True,True,False,False,True,False,False,False,True,False,False,False,True,False,False,False,False,False,True,False,False,False,False,True,False,False,True,False,1999,8,2015,1
123,34,607687,2000,1270.21,476413,16100,-61200,3,1,1,55260,6140,0,49120,2000,False,False,False,False,False,False,False,False,False,True,False,False,False,False,False,False,True,False,False,False,True,False,False,False,False,True,False,False,True,False,False,False,True,False,False,False,True,False,True,False,False,False,False,False,True,False,True,False,False,False,False,False,False,False,True,False,True,False,2007,3,2015,1
243,44,967713,500,809.11,600208,33200,0,3,2,1,51400,5140,10280,35980,1996,False,False,False,False,False,False,True,False,False,False,False,False,False,False,True,False,False,True,False,False,False,False,False,False,False,False,True,False,False,True,False,False,False,True,False,True,False,False,True,False,False,False,False,True,False,False,False,False,True,False,False,False,False,False,True,False,False,True,1997,12,2015,1
36,37,291902,1000,1115.81,618926,0,-59800,3,1,3,48780,5420,10840,32520,2008,False,False,False,False,True,False,False,False,False,False,False,False,False,False,True,False,False,False,True,False,False,False,False,False,True,False,False,False,False,False,True,False,True,False,False,True,False,False,True,False,False,False,False,False,True,False,False,False,False,False,True,False,False,False,True,False,True,False,2013,11,2015,2
146,31,149839,1000,1457.65,606219,0,0,3,1,3,52380,5820,5820,40740,2010,False,False,False,False,False,False,False,False,False,False,False,False,True,False,False,False,True,False,False,False,False,False,True,False,True,False,False,False,True,False,False,False,True,False,True,False,False,False,True,False,False,False,True,False,False,False,True,False,False,False,False,False,False,True,False,False,True,False,1990,9,2015,2
154,34,840225,1000,1041.36,448436,53100,-43900,4,2,3,74360,13520,13520,47320,2005,False,False,False,False,False,False,False,False,False,False,False,False,True,False,False,False,True,False,False,False,False,False,False,True,False,False,True,False,False,True,False,False,False,True,False,False,True,False,True,False,False,False,True,False,False,False,False,False,True,False,False,False,False,False,True,False,True,False,1999,10,2015,1
204,40,643226,1000,1693.83,447976,44000,-20800,1,1,0,53400,5340,5340,42720,2003,False,False,False,False,False,False,True,False,False,False,False,False,False,False,False,False,True,False,True,False,False,False,False,False,False,False,False,True,False,True,False,False,True,False,False,True,False,False,False,False,True,False,False,True,False,False,False,True,False,False,False,False,True,False,False,False,False,True,1992,4,2015,1
458,59,535879,1000,1685.69,472236,31400,0,1,2,2,71800,14360,14360,43080,1995,False,False,False,False,False,False,False,True,False,False,False,False,False,False,False,True,False,False,False,False,False,False,True,False,False,False,False,True,False,True,False,False,False,True,False,False,True,False,False,False,True,False,True,False,False,False,False,True,False,False,False,False,True,False,False,False,True,False,2009,3,2015,2
147,31,746630,500,1054.92,468232,51900,0,1,0,0,68240,8530,0,59710,2013,False,False,False,False,False,False,False,False,False,False,False,False,True,False,False,True,False,False,True,False,False,False,False,False,False,False,True,False,False,True,False,False,True,False,True,False,False,False,False,False,True,False,False,True,False,False,False,False,False,False,False,True,True,False,False,False,True,False,1997,2,2015,1
279,45,598308,2000,1333.97,620819,61100,-30700,3,1,0,61050,11100,11100,38850,2011,False,False,False,False,True,False,False,False,False,False,False,False,False,False,False,True,False,False,False,False,False,True,False,False,False,False,True,False,False,True,False,False,True,False,True,False,False,False,True,False,False,False,False,True,False,False,False,False,False,True,False,False,False,True,False,False,True,False,1992,1,2015,1
308,47,720356,1000,1013.61,452349,45700,-41400,1,1,1,5590,860,860,3870,2002,False,False,False,False,False,False,False,False,False,False,False,True,False,False,False,False,True,False,True,False,False,False,False,False,False,False,True,False,False,True,False,False,False,True,False,True,False,False,False,True,False,False,True,False,False,True,False,False,False,False,False,False,False,False,False,True,True,False,2013,9,2015,1
284,48,724752,500,958.3,464646,47900,0,3,0,0,46860,8520,8520,29820,1998,False,False,False,False,False,False,False,False,False,False,False,False,False,True,True,False,False,False,True,False,False,False,False,False,False,True,False,False,False,True,False,False,True,False,True,False,False,False,True,False,False,False,False,False,True,False,False,False,False,False,False,True,False,False,True,False,True,False,2008,5,2015,1
108,31,148498,2000,1112.04,472209,52800,-54300,1,1,3,4290,780,780,2730,1998,False,False,False,False,False,False,False,False,False,False,False,False,False,True,False,True,False,False,False,False,False,True,False,False,False,False,True,False,True,False,False,True,False,False,False,True,False,False,False,True,False,False,False,True,False,False,False,False,False,False,False,True,False,False,False,True,True,False,2002,1,2015,1
421,57,110122,2000,1206.26,459955,69900,0,3,0,0,78500,15700,7850,54950,2015,False,True,False,False,False,False,False,False,False,False,False,False,False,False,False,True,False,True,False,False,False,False,False,False,False,False,False,True,False,False,True,True,False,False,False,True,False,False,True,False,False,False,False,True,False,True,False,False,False,False,False,False,True,False,False,False,True,False,2002,4,2015,1
266,42,281388,1000,763.67,473389,12800,-49700,1,1,3,70830,7870,7870,55090,2005,False,False,False,False,False,False,False,True,False,False,False,False,False,False,True,False,False,False,False,False,False,True,False,False,False,False,False,True,False,False,True,False,False,True,False,False,True,False,False,False,True,False,False,False,True,True,False,False,False,False,False,False,False,False,True,False,False,True,1998,7,2015,2
412,56,728600,500,1042.56,616767,0,-66100,3,0,2,68040,15120,7560,45360,1997,False,False,False,False,False,False,False,False,False,False,False,True,False,False,True,False,False,False,False,False,False,True,False,False,False,False,False,True,True,False,False,True,False,False,False,False,True,False,True,False,False,False,False,True,False,False,False,True,False,False,False,False,True,False,False,False,False,True,2002,8,2015,1
31,32,231548,2000,1263.48,442948,46800,-87300,1,2,0,63600,5300,10600,47700,1997,False,True,False,False,False,False,False,False,False,False,False,False,False,False,True,False,False,False,False,False,False,False,False,True,False,True,False,False,False,True,False,False,True,False,True,False,False,False,False,False,True,False,True,False,False,False,False,False,True,False,False,False,False,False,True,False,True,False,1999,9,2015,2
465,63,531160,500,1006.99,458936,0,0,1,0,3,43560,4840,4840,33880,2015,False,False,False,False,False,False,False,False,False,False,False,True,False,False,True,False,False,False,False,False,False,False,False,True,False,False,True,False,True,False,False,False,True,False,False,True,False,False,False,False,True,False,False,True,False,False,False,False,False,False,True,False,False,False,True,False,True,False,2012,1,2015,2
126,31,889003,1000,1328.26,613921,42300,-45800,1,1,1,60840,13520,6760,40560,2011,False,False,False,False,False,False,False,False,False,False,False,True,False,False,False,False,True,False,False,False,False,False,False,True,False,False,False,True,True,False,False,True,False,False,False,False,True,False,False,False,True,False,False,True,False,False,False,False,False,False,True,False,True,False,False,False,False,True,1996,8,2015,1
407,55,193213,1000,1250.08,474598,0,-57700,3,2,3,68160,11360,11360,45440,2010,False,False,False,False,False,True,False,False,False,False,False,False,False,False,False,False,True,False,False,False,False,False,False,True,False,False,False,True,False,True,False,False,False,True,False,False,True,False,True,False,False,False,True,False,False,False,False,False,False,False,False,True,False,False,True,False,True,False,1996,3,2015,2
101,27,557218,500,982.7,440865,30800,-43700,1,1,0,5170,940,470,3760,2001,False,False,False,False,False,False,False,False,False,False,False,False,True,False,True,False,False,False,False,False,False,True,False,False,False,False,True,False,True,False,False,True,False,False,False,True,False,False,False,True,False,False,False,False,True,False,True,False,False,False,False,False,False,False,False,True,True,False,1997,11,2015,1
187,37,125591,1000,1412.06,450947,60100,0,1,0,3,57700,5770,5770,46160,2000,False,False,False,False,False,False,False,False,False,True,False,False,False,False,False,True,False,True,False,False,False,False,False,False,True,False,False,False,False,True,False,False,True,False,False,False,True,False,False,False,True,False,False,False,True,False,False,False,False,False,True,False,False,False,True,False,True,False,2013,8,2015,1
252,46,227244,2000,1066.7,473370,0,0,3,0,2,89520,14920,14920,59680,2014,False,True,False,False,False,False,False,False,False,False,False,False,False,False,False,True,False,False,False,False,False,False,True,False,False,False,True,False,True,False,False,True,False,False,False,False,True,False,True,False,False,False,False,False,True,False,False,False,True,False,False,False,True,False,False,False,True,False,1996,11,2015,1
229,43,791425,2000,1585.54,463153,42600,-44400,1,1,0,4620,420,840,3360,2012,False,False,False,False,False,False,False,False,False,False,False,False,False,True,False,True,False,False,False,False,False,False,False,True,False,False,True,False,True,False,False,False,False,True,False,True,False,False,False,False,False,True,False,True,False,False,False,True,False,False,False,False,False,False,False,True,False,True,1997,6,2015,2
246,39,354455,1000,1416.08,612546,0,-36600,1,0,3,45180,5020,5020,35140,2004,False,False,False,False,False,False,True,False,False,False,False,False,False,False,False,True,False,False,False,False,False,False,False,True,True,False,False,False,False,False,True,False,True,False,False,True,False,False,False,False,True,False,False,True,False,False,False,False,True,False,False,False,False,True,False,False,True,False,2007,4,2015,1
190,38,601042,500,1246.03,442919,61900,-50000,1,0,0,45100,9020,4510,31570,2013,False,False,False,False,False,False,False,False,False,True,False,False,False,False,False,False,True,False,True,False,False,False,False,False,False,False,True,False,False,False,True,True,False,False,False,False,True,False,False,False,True,False,False,True,False,False,False,False,True,False,False,False,False,False,True,False,False,True,2007,9,2015,1
95,32,433663,2000,1356.64,449352,67800,-48600,3,0,3,83160,15120,15120,52920,2003,False,False,False,False,False,False,False,False,False,False,False,False,True,False,False,True,False,False,False,False,False,True,False,False,False,False,False,True,False,False,True,False,False,True,False,False,True,False,True,False,False,False,False,False,True,False,False,False,False,False,True,False,False,False,True,False,False,True,1996,12,2015,2
205,42,471938,2000,1387.7,470104,0,0,1,2,1,86130,15660,15660,54810,1995,False,False,False,True,False,False,False,False,False,False,False,False,False,False,True,False,False,False,False,False,False,False,False,True,False,False,False,True,True,False,False,True,False,False,False,True,False,False,False,False,True,False,True,False,False,False,False,True,False,False,False,False,False,True,False,False,True,False,2008,2,2015,1
41,25,564654,1000,1004.14,459889,35400,0,3,1,3,48000,9600,4800,33600,1995,False,False,False,False,True,False,False,False,False,False,False,False,False,False,False,False,True,True,False,False,False,False,False,False,False,True,False,False,True,False,False,True,False,False,True,False,False,False,True,False,False,False,True,False,False,False,False,False,False,False,True,False,True,False,False,False,False,True,2003,7,2015,2
137,35,645723,500,1107.07,478868,0,-45300,1,0,0,3300,600,600,2100,2008,False,False,False,False,False,False,False,False,False,False,True,False,False,False,False,False,True,False,False,False,False,False,True,False,False,False,False,True,True,False,False,False,False,True,False,True,False,False,False,False,False,True,False,False,True,False,False,True,False,False,False,False,False,False,False,True,True,False,1991,5,2015,2
194,34,573572,500,1429.96,463307,67800,0,3,1,2,57200,11440,5720,40040,2005,False,False,False,False,False,False,False,False,False,False,False,False,True,False,True,False,False,False,True,False,False,False,False,False,True,False,False,False,True,False,False,False,False,True,False,True,False,False,True,False,False,False,True,False,False,False,False,False,True,False,False,False,False,True,False,False,True,False,1991,6,2015,1
128,35,437960,1000,1074.99,453620,0,-48800,1,2,0,7590,1380,690,5520,2012,True,False,False,False,False,False,False,False,False,False,False,False,False,False,False,True,False,False,False,False,False,False,True,False,False,False,False,True,False,True,False,False,True,False,False,False,False,True,False,False,False,True,False,True,False,True,False,False,False,False,False,False,False,False,False,True,True,False,2001,4,2015,1
150,37,649800,1000,1007.0,466238,30400,-89400,1,0,2,80080,12320,12320,55440,2013,False,False,False,True,False,False,False,False,False,False,False,False,False,False,False,False,True,False,False,False,False,False,True,False,False,False,False,True,True,False,False,False,True,False,False,False,True,False,False,False,True,False,False,False,True,False,False,False,False,False,False,True,False,True,False,False,True,False,2014,3,2015,1
104,30,544225,500,1052.85,607697,0,-70100,1,0,0,4800,960,480,3360,2006,False,False,True,False,False,False,False,False,False,False,False,False,False,False,False,False,True,False,False,False,False,False,False,True,False,False,False,True,True,False,False,False,False,True,False,True,False,False,False,False,False,True,True,False,False,False,False,False,False,True,False,False,False,False,False,True,True,False,2010,8,2015,2
163,37,390256,1000,1200.33,477631,0,-36400,1,2,1,3900,390,780,2730,2008,False,False,False,False,False,False,False,False,False,False,False,False,False,True,False,True,False,False,False,False,False,False,False,True,False,False,False,True,False,True,False,False,False,True,False,True,False,False,False,False,False,True,False,False,True,False,False,True,False,False,False,False,False,False,False,True,True,False,2009,11,2015,2
80,26,488597,1000,1343.0,443625,64600,0,1,0,0,90400,9040,9040,72320,1995,False,False,True,False,False,False,False,False,False,False,False,False,False,False,True,False,False,False,False,False,False,True,False,False,False,False,True,False,False,True,False,True,False,False,False,True,False,False,False,False,True,False,True,False,False,False,False,False,False,False,True,False,True,False,False,False,False,True,2001,5,2015,1
65,29,133889,2000,1441.6,472223,0,0,3,0,0,62900,6290,12580,44030,1998,False,False,False,False,False,False,False,True,False,False,False,False,False,False,False,False,True,True,False,False,False,False,False,False,False,False,True,False,False,False,True,False,True,False,False,True,False,False,True,False,False,False,False,True,False,False,False,False,False,True,False,False,False,True,False,False,True,False,2004,6,2015,1
179,32,931901,1000,1433.42,608328,53800,0,1,1,2,54200,5420,10840,37940,2014,False,False,False,False,False,False,False,False,False,True,False,False,False,False,False,False,True,True,False,False,False,False,False,False,False,False,False,True,False,False,True,True,False,False,True,False,False,False,False,False,True,False,True,False,False,True,False,False,False,False,False,False,False,True,False,False,True,False,1994,8,2015,1
372,50,769475,2000,1368.57,474860,0,0,3,2,2,51800,5180,10360,36260,2003,True,False,False,False,False,False,False,False,False,False,False,False,False,False,False,False,True,False,True,False,False,False,False,False,False,False,False,True,True,False,False,False,False,True,True,False,False,False,True,False,False,False,False,False,True,False,False,False,False,True,False,False,False,False,True,False,True,False,2004,8,2015,1
398,55,844062,500,862.19,606858,69400,0,1,2,3,6600,600,1200,4800,2012,True,False,False,False,False,False,False,False,False,False,False,False,False,False,False,False,True,False,False,False,False,True,False,False,False,False,False,True,False,True,False,False,True,False,False,False,False,True,False,False,False,True,False,True,False,False,False,True,False,False,False,False,False,False,False,True,False,True,1990,5,2015,2
213,35,844129,500,871.46,477938,58500,-77700,1,2,0,74140,13480,6740,53920,2007,False,False,False,False,False,True,False,False,False,False,False,False,False,False,False,False,True,False,False,False,False,True,False,False,False,True,False,False,False,False,True,False,False,True,False,False,True,False,False,False,True,False,False,True,False,False,False,False,False,True,False,False,False,False,True,False,False,True,1990,9,2015,1
79,25,732169,500,1863.04,462698,53400,-35200,1,2,1,67800,13560,6780,47460,1995,False,False,False,False,False,False,False,False,True,False,False,False,False,False,False,False,True,False,False,False,False,False,True,False,False,True,False,False,True,False,False,False,True,False,False,False,True,False,False,False,True,False,False,False,True,True,False,False,False,False,False,False,True,False,False,False,True,False,2000,11,2015,2
232,44,221854,2000,1181.64,454552,25800,0,1,1,1,55400,5540,11080,38780,2002,False,False,False,False,False,False,False,True,False,False,False,False,False,False,False,False,True,False,True,False,False,False,False,False,False,True,False,False,False,True,False,False,False,True,True,False,False,False,False,False,True,False,False,True,False,False,True,False,False,False,False,False,False,True,False,False,False,True,1994,10,2015,2
230,37,776950,1000,1060.74,471585,0,-51500,1,2,3,49100,9820,4910,34370,1996,False,False,False,False,False,False,False,False,False,False,False,True,False,False,True,False,False,False,False,False,False,True,False,False,True,False,False,False,False,False,True,False,True,False,True,False,False,False,False,False,True,False,False,False,True,False,False,False,False,False,False,True,False,True,False,False,False,True,2005,4,2015,1
234,41,291006,500,951.56,455426,59400,-78600,3,2,1,98280,15120,7560,75600,2007,False,False,False,True,False,False,False,False,False,False,False,False,False,False,False,True,False,False,False,False,False,True,False,False,False,False,False,True,True,False,False,False,True,False,True,False,False,False,True,False,False,False,True,False,False,False,False,False,True,False,False,False,False,False,True,False,True,False,1990,5,2015,2
240,40,845751,500,1533.71,469856,0,-70900,2,0,2,66550,6050,12100,48400,2008,False,False,False,False,False,True,False,False,False,False,False,False,False,False,False,True,False,False,False,False,False,False,True,False,False,True,False,False,False,False,True,False,True,False,False,False,True,False,True,False,False,False,True,False,False,False,False,False,True,False,False,False,False,True,False,False,True,False,2004,9,2015,1
143,33,889764,1000,1200.09,454191,38400,-5700,3,2,2,70400,14080,7040,49280,2002,True,False,False,False,False,False,False,False,False,False,False,False,False,False,False,False,True,False,False,False,False,False,False,True,False,True,False,False,False,True,False,False,True,False,True,False,False,False,True,False,False,False,False,False,True,True,False,False,False,False,False,False,False,False,True,False,True,False,1993,11,2015,1
266,42,929306,500,1093.83,468454,0,-49600,3,1,1,53280,4440,8880,39960,2015,False,False,False,False,False,False,False,False,False,False,False,True,False,False,False,True,False,False,False,False,False,False,False,True,True,False,False,False,False,True,False,True,False,False,True,False,False,False,True,False,False,False,True,False,False,True,False,False,False,False,False,False,False,False,True,False,False,True,2003,3,2015,2
89,32,515457,1000,988.93,614187,27600,0,1,2,3,84590,15380,15380,53830,1999,False,False,False,False,True,False,False,False,False,False,False,False,False,False,False,True,False,False,True,False,False,False,False,False,False,False,True,False,False,True,False,False,False,True,False,False,True,False,False,False,True,False,False,True,False,False,False,True,False,False,False,False,True,False,False,False,True,False,1996,12,2015,1
229,37,556270,1000,1331.94,433974,0,-55400,1,0,2,54560,9920,9920,34720,2004,False,False,False,False,False,False,False,False,False,False,True,False,False,False,False,True,False,False,True,False,False,False,False,False,False,False,True,False,True,False,False,False,False,True,False,False,True,False,False,False,True,False,False,False,True,False,False,False,False,False,True,False,False,True,False,False,True,False,1995,2,2015,2
245,40,908935,1000,1361.45,604833,39300,0,1,0,2,82170,7470,7470,67230,1999,False,False,False,False,False,False,False,False,False,False,False,True,False,False,True,False,False,False,False,True,False,False,False,False,True,False,False,False,False,False,True,False,False,True,False,True,False,False,False,False,True,False,False,False,True,False,False,False,False,False,False,True,False,True,False,False,False,True,2009,12,2015,2
50,44,525862,2000,1188.51,447469,0,-65800,3,1,2,61100,6110,12220,42770,2008,False,False,False,False,True,False,False,False,False,False,False,False,False,False,False,False,True,False,True,False,False,False,False,False,False,False,False,True,False,True,False,True,False,False,False,False,True,False,True,False,False,False,False,True,False,False,True,False,False,False,False,False,True,False,False,False,False,True,2000,10,2015,1
230,43,490514,2000,1101.83,451529,28900,0,3,0,3,51900,5190,10380,36330,2011,False,False,True,False,False,False,False,False,False,False,False,False,False,False,False,True,False,False,True,False,False,False,False,False,False,False,False,True,False,True,False,False,False,True,False,True,False,False,True,False,False,False,False,False,True,False,False,True,False,False,False,False,True,False,False,False,False,True,2007,2,2015,1
17,39,774895,1000,840.95,431202,32500,-80800,1,2,1,3440,430,430,2580,2002,False,False,False,False,False,False,False,False,False,False,False,True,False,False,True,False,False,False,False,False,False,True,False,False,False,False,False,True,False,True,False,False,True,False,False,False,False,True,False,True,False,False,False,True,False,False,False,False,True,False,False,False,False,False,False,True,True,False,2006,10,2015,2
163,36,974522,1000,1503.21,448190,55700,-49900,1,2,1,51390,5710,11420,34260,2013,False,False,False,False,False,False,False,False,False,False,False,False,True,False,False,True,False,False,False,False,False,False,False,True,True,False,False,False,False,False,True,True,False,False,False,False,True,False,False,False,True,False,False,True,False,False,False,False,False,True,False,False,False,False,True,False,False,True,2000,1,2015,2
29,32,669809,1000,1722.5,453713,0,-21500,1,0,2,76900,7690,7690,61520,1995,False,False,False,False,False,False,False,True,False,False,False,False,False,False,False,False,True,False,False,False,False,False,False,True,False,False,True,False,False,True,False,False,True,False,True,False,False,False,False,False,True,False,True,False,False,False,False,True,False,False,False,False,False,False,True,False,False,True,2002,4,2015,1
232,42,182953,500,944.03,440153,0,-58400,1,2,3,77000,15400,7700,53900,2015,False,False,False,False,False,False,False,False,False,False,False,False,True,False,False,True,False,False,False,False,False,False,False,True,False,False,True,False,False,False,True,False,True,False,False,True,False,False,False,False,True,False,True,False,False,False,True,False,False,False,False,False,False,True,False,False,False,True,2013,4,2015,2
235,39,836349,2000,1453.61,619570,0,0,1,0,3,60320,9280,9280,41760,2012,False,False,False,True,False,False,False,False,False,False,False,False,False,False,True,False,False,True,False,False,False,False,False,False,False,False,True,False,False,True,False,False,True,False,True,False,False,False,False,False,True,False,False,False,True,False,False,False,True,False,False,False,False,False,True,False,False,True,2013,5,2015,1
295,46,591269,500,1672.88,478947,0,0,1,1,1,60700,12140,6070,42490,1997,False,False,False,False,False,False,True,False,False,False,False,False,False,False,False,True,False,False,True,False,False,False,False,False,False,True,False,False,False,False,True,True,False,False,False,True,False,False,False,False,True,False,True,False,False,False,False,True,False,False,False,False,False,True,False,False,True,False,1999,1,2015,2
22,21,550127,1000,1248.05,443550,37500,-54000,3,1,2,53280,5920,0,47360,2015,False,False,False,True,False,False,False,False,False,False,False,False,False,False,False,True,False,False,False,False,False,True,False,False,False,False,False,True,False,False,True,False,True,False,False,False,True,False,True,False,False,False,False,True,False,False,False,True,False,False,False,False,False,True,False,False,True,False,2007,7,2015,2
286,43,663190,500,1564.43,477644,77500,-32800,1,2,2,34290,3810,3810,26670,2013,False,False,False,False,False,False,False,True,False,False,False,False,False,False,True,False,False,False,True,False,False,False,False,False,False,True,False,False,False,True,False,False,False,True,False,True,False,False,False,False,True,False,True,False,False,False,False,False,False,True,False,False,False,True,False,False,True,False,1994,2,2015,1
257,44,109392,1000,1280.88,433981,59400,-32200,1,0,1,46980,0,5220,41760,2002,True,False,False,False,False,False,False,False,False,False,False,False,False,False,False,False,True,False,False,False,False,False,False,True,False,False,True,False,True,False,False,True,False,False,False,False,True,False,False,False,True,False,True,False,False,False,False,False,False,True,False,False,False,True,False,False,False,True,2006,7,2015,2
94,26,215278,500,722.66,433696,50300,0,3,1,2,36700,3670,7340,25690,2010,False,False,False,False,False,False,False,False,False,True,False,False,False,False,False,True,False,False,False,True,False,False,False,False,False,True,False,False,False,False,True,False,False,True,True,False,False,False,True,False,False,False,True,False,False,False,False,False,False,True,False,False,True,False,False,False,False,True,2007,10,2015,1
124,28,674570,1000,1235.14,443567,0,-32100,3,0,1,60200,6020,6020,48160,2012,False,False,False,False,False,False,False,False,False,False,False,False,False,True,False,False,True,False,False,True,False,False,False,False,False,False,True,False,False,True,False,False,True,False,False,False,True,False,True,False,False,False,False,True,False,False,False,False,False,True,False,False,False,False,True,False,False,True,2001,12,2015,2
141,30,681486,1000,1347.04,430665,0,-82100,1,1,2,6480,540,1080,4860,1996,False,False,False,False,False,False,True,False,False,False,False,False,False,False,False,True,False,False,False,False,False,True,False,False,False,False,True,False,False,True,False,False,False,True,False,True,False,False,False,True,False,False,False,False,True,False,False,True,False,False,False,False,False,False,False,True,False,True,2007,3,2015,1
3,38,941851,1000,1310.8,431289,0,0,1,0,1,87200,17440,8720,61040,2006,False,False,False,False,False,False,True,False,False,False,False,False,False,False,False,False,True,True,False,False,False,False,False,False,False,True,False,False,False,False,True,False,True,False,False,True,False,False,False,False,True,False,False,False,True,False,False,False,False,False,True,False,True,False,False,False,True,False,1991,7,2015,2
285,41,186934,1000,1436.79,608177,70900,0,1,2,3,108480,18080,18080,72320,2015,False,False,False,False,False,False,False,False,False,False,False,False,False,True,True,False,False,False,False,False,False,True,False,False,False,True,False,False,False,False,True,False,True,False,True,False,False,False,False,False,True,False,True,False,False,False,False,False,False,False,False,True,False,True,False,False,True,False,2014,1,2015,1
130,34,918516,500,1383.49,442797,35100,0,3,2,3,67500,7500,7500,52500,1996,False,False,False,False,False,False,False,False,False,False,False,True,False,False,False,False,True,True,False,False,False,False,False,False,False,False,False,True,False,True,False,False,False,True,False,True,False,False,True,False,False,False,False,True,False,False,False,False,False,False,True,False,False,False,True,False,True,False,2003,2,2015,1
458,62,533940,2000,1356.92,441714,0,0,1,0,1,46980,5220,5220,36540,1998,False,True,False,False,False,False,False,False,False,False,False,False,False,False,True,False,False,False,True,False,False,False,False,False,False,False,True,False,False,True,False,False,False,True,True,False,False,False,False,False,True,False,False,False,True,True,False,False,False,False,False,False,False,True,False,False,False,True,2011,11,2015,2
456,60,556080,1000,766.19,612260,0,0,1,0,3,5060,460,920,3680,2007,False,False,False,False,False,False,False,False,True,False,False,False,False,False,False,False,True,False,False,False,False,False,False,True,False,False,False,True,False,True,False,False,True,False,False,True,False,False,False,True,False,False,False,True,False,True,False,False,False,False,False,False,False,False,False,True,True,False,1996,11,2015,2
